-10.00,-10.00,-10.00,-10.00,-10.00,-10.00,-10.00,-10.00,-10.00,-10.00,-10.00,-10.00,-10.00,-10.00,-10.00,-10.00,-10.00,-10.00,-10.00,-10.00,-10.00,-10.00,-10.00,-10.00,-10.00,-10.00,-10.00,-10.00,-10.00,-10.00,-10.00,-10.00,-10.00,-10.00,-10.00,-10.00,-10.00,-10.00,-10.00,-10.00,-2.00,-2.00,-0.04,-0.04,-0.04,-0.04,-0.04,-0.04,-0.04,-0.04,-0.04,-0.04,-0.04,-0.04,-0.04,-0.04,-0.04,-0.04,-2.00,-2.00,-10.00,-10.00,-10.00,-10.00,-10.00,-10.00,-10.00,-10.00,-10.00,-10.00,-10.00,-10.00,-10.00,-10.00,-10.00,-10.00,-10.00,-10.00,-10.00,-10.00,-10.00,-10.00,-10.00,-10.00,-10.00,-10.00,-10.00,-10.00,-10.00,-10.00,-10.00,-10.00,-10.00,-10.00,-10.00,-10.00,-10.00,-10.00,-10.00,-10.00
-10.00,-10.00,-10.00,-10.00,-10.00,-10.00,-10.00,-10.00,-10.00,-10.00,-10.00,-10.00,-10.00,-10.00,-10.00,-10.00,-10.00,-10.00,-10.00,-10.00,-10.00,-10.00,-10.00,-10.00,-10.00,-10.00,-10.00,-10.00,-10.00,-10.00,-10.00,-10.00,-10.00,-10.00,-10.00,-10.00,-10.00,-10.00,-10.00,-10.00,-2.00,-2.00,-0.04,-0.04,-0.04,-0.04,-0.04,-0.04,-0.04,-0.04,-0.04,-0.04,-0.04,-0.04,-0.04,-0.04,-0.04,-0.04,-2.00,-2.00,-10.00,-10.00,-10.00,-10.00,-10.00,-10.00,-10.00,-10.00,-10.00,-10.00,-10.00,-10.00,-10.00,-10.00,-10.00,-10.00,-10.00,-10.00,-10.00,-10.00,-10.00,-10.00,-10.00,-10.00,-10.00,-10.00,-10.00,-10.00,-10.00,-10.00,-10.00,-10.00,-10.00,-10.00,-10.00,-10.00,-10.00,-10.00,-10.00,-10.00
-10.00,-10.00,-10.00,-10.00,-10.00,-10.00,-10.00,-10.00,-10.00,-10.00,-10.00,-10.00,-10.00,-10.00,-10.00,-10.00,-10.00,-10.00,-10.00,-10.00,-10.00,-10.00,-10.00,-10.00,-10.00,-10.00,-10.00,-10.00,-10.00,-10.00,-10.00,-10.00,-10.00,-10.00,-10.00,-10.00,-10.00,-10.00,-10.00,-10.00,-2.00,-2.00,-0.04,-0.04,-0.04,-0.04,-0.04,-0.04,-0.04,-0.04,-0.04,-0.04,-0.04,-0.04,-0.04,-0.04,-0.04,-0.04,-2.00,-2.00,-10.00,-10.00,-10.00,-10.00,-10.00,-10.00,-10.00,-10.00,-10.00,-10.00,-10.00,-10.00,-10.00,-10.00,-10.00,-10.00,-10.00,-10.00,-10.00,-10.00,-10.00,-10.00,-10.00,-10.00,-10.00,-10.00,-10.00,-10.00,-10.00,-10.00,-10.00,-10.00,-10.00,-10.00,-10.00,-10.00,-10.00,-10.00,-10.00,-10.00
-10.00,-10.00,-10.00,-10.00,-10.00,-10.00,-10.00,-10.00,-10.00,-10.00,-10.00,-10.00,-10.00,-10.00,-10.00,-10.00,-10.00,-10.00,-10.00,-10.00,-10.00,-10.00,-10.00,-10.00,-10.00,-10.00,-10.00,-10.00,-10.00,-10.00,-10.00,-10.00,-10.00,-10.00,-10.00,-10.00,-10.00,-10.00,-10.00,-10.00,-2.00,-2.00,-0.04,-0.04,-0.04,-0.04,-0.04,-0.04,-0.04,-0.04,-0.04,-0.04,-0.04,-0.04,-0.04,-0.04,-0.04,-0.04,-2.00,-2.00,-10.00,-10.00,-10.00,-10.00,-10.00,-10.00,-10.00,-10.00,-10.00,-10.00,-10.00,-10.00,-10.00,-10.00,-10.00,-10.00,-10.00,-10.00,-10.00,-10.00,-10.00,-10.00,-10.00,-10.00,-10.00,-10.00,-10.00,-10.00,-10.00,-10.00,-10.00,-10.00,-10.00,-10.00,-10.00,-10.00,-10.00,-10.00,-10.00,-10.00
-10.00,-10.00,-10.00,-10.00,-10.00,-10.00,-10.00,-10.00,-10.00,-10.00,-10.00,-10.00,-10.00,-10.00,-10.00,-10.00,-10.00,-10.00,-10.00,-10.00,-10.00,-10.00,-10.00,-10.00,-10.00,-10.00,-10.00,-10.00,-10.00,-10.00,-10.00,-10.00,-10.00,-10.00,-10.00,-10.00,-10.00,-10.00,-10.00,-10.00,-2.00,-2.00,-0.04,-0.04,-0.04,-0.04,-0.04,-0.04,-0.04,-0.04,-0.04,-0.04,-0.04,-0.04,-0.04,-0.04,-0.04,-0.04,-2.00,-2.00,-10.00,-10.00,-10.00,-10.00,-10.00,-10.00,-10.00,-10.00,-10.00,-10.00,-10.00,-10.00,-10.00,-10.00,-10.00,-10.00,-10.00,-10.00,-10.00,-10.00,-10.00,-10.00,-10.00,-10.00,-10.00,-10.00,-10.00,-10.00,-10.00,-10.00,-10.00,-10.00,-10.00,-10.00,-10.00,-10.00,-10.00,-10.00,-10.00,-10.00
-10.00,-10.00,-10.00,-10.00,-10.00,-10.00,-10.00,-10.00,-10.00,-10.00,-10.00,-10.00,-10.00,-10.00,-10.00,-10.00,-10.00,-10.00,-10.00,-10.00,-10.00,-10.00,-10.00,-10.00,-10.00,-10.00,-10.00,-10.00,-10.00,-10.00,-10.00,-10.00,-10.00,-10.00,-10.00,-10.00,-10.00,-10.00,-10.00,-10.00,-2.00,-2.00,-0.04,-0.04,-0.04,-0.04,-0.04,-0.04,-0.04,-0.04,-0.04,-0.04,-0.04,-0.04,-0.04,-0.04,-0.04,-0.04,-2.00,-2.00,-10.00,-10.00,-10.00,-10.00,-10.00,-10.00,-10.00,-10.00,-10.00,-10.00,-10.00,-10.00,-10.00,-10.00,-10.00,-10.00,-10.00,-10.00,-10.00,-10.00,-10.00,-10.00,-10.00,-10.00,-10.00,-10.00,-10.00,-10.00,-10.00,-10.00,-10.00,-10.00,-10.00,-10.00,-10.00,-10.00,-10.00,-10.00,-10.00,-10.00
-10.00,-10.00,-10.00,-10.00,-10.00,-10.00,-10.00,-10.00,-10.00,-10.00,-10.00,-10.00,-10.00,-10.00,-10.00,-10.00,-10.00,-10.00,-10.00,-10.00,-10.00,-10.00,-10.00,-10.00,-10.00,-10.00,-10.00,-10.00,-10.00,-10.00,-10.00,-10.00,-10.00,-10.00,-10.00,-10.00,-10.00,-10.00,-10.00,-10.00,-2.00,-2.00,-0.04,-0.04,-0.04,-0.04,-0.04,-0.04,-0.04,-0.04,-0.04,-0.04,-0.04,-0.04,-0.04,-0.04,-0.04,-0.04,-2.00,-2.00,-10.00,-10.00,-10.00,-10.00,-10.00,-10.00,-10.00,-10.00,-10.00,-10.00,-10.00,-10.00,-10.00,-10.00,-10.00,-10.00,-10.00,-10.00,-10.00,-10.00,-10.00,-10.00,-10.00,-10.00,-10.00,-10.00,-10.00,-10.00,-10.00,-10.00,-10.00,-10.00,-10.00,-10.00,-10.00,-10.00,-10.00,-10.00,-10.00,-10.00
-10.00,-10.00,-10.00,-10.00,-10.00,-10.00,-10.00,-10.00,-10.00,-10.00,-10.00,-10.00,-10.00,-10.00,-10.00,-10.00,-10.00,-10.00,-10.00,-10.00,-10.00,-10.00,-10.00,-10.00,-10.00,-10.00,-10.00,-10.00,-10.00,-10.00,-10.00,-10.00,-10.00,-10.00,-10.00,-10.00,-10.00,-10.00,-10.00,-10.00,-2.00,-2.00,-0.04,-0.04,-0.04,-0.04,-0.04,-0.04,-0.04,-0.04,-0.04,-0.04,-0.04,-0.04,-0.04,-0.04,-0.04,-0.04,-2.00,-2.00,-10.00,-10.00,-10.00,-10.00,-10.00,-10.00,-10.00,-10.00,-10.00,-10.00,-10.00,-10.00,-10.00,-10.00,-10.00,-10.00,-10.00,-10.00,-10.00,-10.00,-10.00,-10.00,-10.00,-10.00,-10.00,-10.00,-10.00,-10.00,-10.00,-10.00,-10.00,-10.00,-10.00,-10.00,-10.00,-10.00,-10.00,-10.00,-10.00,-10.00
-10.00,-10.00,-10.00,-10.00,-10.00,-10.00,-10.00,-10.00,-10.00,-10.00,-10.00,-10.00,-10.00,-10.00,-10.00,-10.00,-10.00,-10.00,-10.00,-10.00,-10.00,-10.00,-10.00,-10.00,-10.00,-10.00,-10.00,-10.00,-10.00,-10.00,-10.00,-10.00,-10.00,-10.00,-10.00,-10.00,-10.00,-10.00,-10.00,-10.00,-2.00,-2.00,-0.04,-0.04,-0.04,-0.04,-0.04,-0.04,-0.04,-0.04,-0.04,-0.04,-0.04,-0.04,-0.04,-0.04,-0.04,-0.04,-2.00,-2.00,-10.00,-10.00,-10.00,-10.00,-10.00,-10.00,-10.00,-10.00,-10.00,-10.00,-10.00,-10.00,-10.00,-10.00,-10.00,-10.00,-10.00,-10.00,-10.00,-10.00,-10.00,-10.00,-10.00,-10.00,-10.00,-10.00,-10.00,-10.00,-10.00,-10.00,-10.00,-10.00,-10.00,-10.00,-10.00,-10.00,-10.00,-10.00,-10.00,-10.00
-10.00,-10.00,-10.00,-10.00,-10.00,-10.00,-10.00,-10.00,-10.00,-10.00,-10.00,-10.00,-10.00,-10.00,-10.00,-10.00,-10.00,-10.00,-10.00,-10.00,-10.00,-10.00,-10.00,-10.00,-10.00,-10.00,-10.00,-10.00,-10.00,-10.00,-10.00,-10.00,-10.00,-10.00,-10.00,-10.00,-10.00,-10.00,-10.00,-10.00,-2.00,-2.00,-0.04,-0.04,-0.04,-0.04,-0.04,-0.04,-0.04,-0.04,-0.04,-0.04,-0.04,-0.04,-0.04,-0.04,-0.04,-0.04,-2.00,-2.00,-10.00,-10.00,-10.00,-10.00,-10.00,-10.00,-10.00,-10.00,-10.00,-10.00,-10.00,-10.00,-10.00,-10.00,-10.00,-10.00,-10.00,-10.00,-10.00,-10.00,-10.00,-10.00,-10.00,-10.00,-10.00,-10.00,-10.00,-10.00,-10.00,-10.00,-10.00,-10.00,-10.00,-10.00,-10.00,-10.00,-10.00,-10.00,-10.00,-10.00
-10.00,-10.00,-10.00,-10.00,-10.00,-10.00,-10.00,-10.00,-10.00,-10.00,-10.00,-10.00,-10.00,-10.00,-10.00,-10.00,-10.00,-10.00,-10.00,-10.00,-10.00,-10.00,-10.00,-10.00,-10.00,-10.00,-10.00,-10.00,-10.00,-10.00,-10.00,-10.00,-10.00,-10.00,-10.00,-10.00,-10.00,-10.00,-10.00,-10.00,-2.00,-2.00,-0.04,-0.04,-0.04,-0.04,-0.04,-0.04,-0.04,-0.04,-0.04,-0.04,-0.04,-0.04,-0.04,-0.04,-0.04,-0.04,-2.00,-2.00,-10.00,-10.00,-10.00,-10.00,-10.00,-10.00,-10.00,-10.00,-10.00,-10.00,-10.00,-10.00,-10.00,-10.00,-10.00,-10.00,-10.00,-10.00,-10.00,-10.00,-10.00,-10.00,-10.00,-10.00,-10.00,-10.00,-10.00,-10.00,-10.00,-10.00,-10.00,-10.00,-10.00,-10.00,-10.00,-10.00,-10.00,-10.00,-10.00,-10.00
-10.00,-10.00,-10.00,-10.00,-10.00,-10.00,-10.00,-10.00,-10.00,-10.00,-10.00,-10.00,-10.00,-10.00,-10.00,-10.00,-10.00,-10.00,-10.00,-10.00,-10.00,-10.00,-10.00,-10.00,-10.00,-10.00,-10.00,-10.00,-10.00,-10.00,-10.00,-10.00,-10.00,-10.00,-10.00,-10.00,-10.00,-10.00,-10.00,-10.00,-2.00,-2.00,-0.04,-0.04,-0.04,-0.04,-0.04,-0.04,-0.04,-0.04,-0.04,-0.04,-0.04,-0.04,-0.04,-0.04,-0.04,-0.04,-2.00,-2.00,-10.00,-10.00,-10.00,-10.00,-10.00,-10.00,-10.00,-10.00,-10.00,-10.00,-10.00,-10.00,-10.00,-10.00,-10.00,-10.00,-10.00,-10.00,-10.00,-10.00,-10.00,-10.00,-10.00,-10.00,-10.00,-10.00,-10.00,-10.00,-10.00,-10.00,-10.00,-10.00,-10.00,-10.00,-10.00,-10.00,-10.00,-10.00,-10.00,-10.00
-10.00,-10.00,-10.00,-10.00,-10.00,-10.00,-10.00,-10.00,-10.00,-10.00,-10.00,-10.00,-10.00,-10.00,-10.00,-10.00,-10.00,-10.00,-10.00,-10.00,-10.00,-10.00,-10.00,-10.00,-10.00,-10.00,-10.00,-10.00,-10.00,-10.00,-10.00,-10.00,-10.00,-10.00,-10.00,-10.00,-10.00,-10.00,-10.00,-10.00,-2.00,-2.00,-0.04,-0.04,-0.04,-0.04,-0.04,-0.04,-0.04,-0.04,-0.04,-0.04,-0.04,-0.04,-0.04,-0.04,-0.04,-0.04,-2.00,-2.00,-10.00,-10.00,-10.00,-10.00,-10.00,-10.00,-10.00,-10.00,-10.00,-10.00,-10.00,-10.00,-10.00,-10.00,-10.00,-10.00,-10.00,-10.00,-10.00,-10.00,-10.00,-10.00,-10.00,-10.00,-10.00,-10.00,-10.00,-10.00,-10.00,-10.00,-10.00,-10.00,-10.00,-10.00,-10.00,-10.00,-10.00,-10.00,-10.00,-10.00
-10.00,-10.00,-10.00,-10.00,-10.00,-10.00,-10.00,-10.00,-10.00,-10.00,-10.00,-10.00,-10.00,-10.00,-10.00,-10.00,-10.00,-10.00,-10.00,-10.00,-10.00,-10.00,-10.00,-10.00,-10.00,-10.00,-10.00,-10.00,-10.00,-10.00,-10.00,-10.00,-10.00,-10.00,-10.00,-10.00,-10.00,-10.00,-10.00,-10.00,-2.00,-2.00,-0.04,-0.04,-0.04,-0.04,-0.04,-0.04,-0.04,-0.04,-0.04,-0.04,-0.04,-0.04,-0.04,-0.04,-0.04,-0.04,-2.00,-2.00,-10.00,-10.00,-10.00,-10.00,-10.00,-10.00,-10.00,-10.00,-10.00,-10.00,-10.00,-10.00,-10.00,-10.00,-10.00,-10.00,-10.00,-10.00,-10.00,-10.00,-10.00,-10.00,-10.00,-10.00,-10.00,-10.00,-10.00,-10.00,-10.00,-10.00,-10.00,-10.00,-10.00,-10.00,-10.00,-10.00,-10.00,-10.00,-10.00,-10.00
-10.00,-10.00,-10.00,-10.00,-10.00,-10.00,-10.00,-10.00,-10.00,-10.00,-10.00,-10.00,-10.00,-10.00,-10.00,-10.00,-10.00,-10.00,-10.00,-10.00,-10.00,-10.00,-10.00,-10.00,-10.00,-10.00,-10.00,-10.00,-10.00,-10.00,-10.00,-10.00,-10.00,-10.00,-10.00,-10.00,-10.00,-10.00,-10.00,-10.00,-2.00,-2.00,-0.04,-0.04,-0.04,-0.04,-0.04,-0.04,-0.04,-0.04,-0.04,-0.04,-0.04,-0.04,-0.04,-0.04,-0.04,-0.04,-2.00,-2.00,-10.00,-10.00,-10.00,-10.00,-10.00,-10.00,-10.00,-10.00,-10.00,-10.00,-10.00,-10.00,-10.00,-10.00,-10.00,-10.00,-10.00,-10.00,-10.00,-10.00,-10.00,-10.00,-10.00,-10.00,-10.00,-10.00,-10.00,-10.00,-10.00,-10.00,-10.00,-10.00,-10.00,-10.00,-10.00,-10.00,-10.00,-10.00,-10.00,-10.00
-10.00,-10.00,-10.00,-10.00,-10.00,-10.00,-10.00,-10.00,-10.00,-10.00,-10.00,-10.00,-10.00,-10.00,-10.00,-10.00,-10.00,-10.00,-10.00,-10.00,-10.00,-10.00,-10.00,-10.00,-10.00,-10.00,-10.00,-10.00,-10.00,-10.00,-10.00,-10.00,-10.00,-10.00,-10.00,-10.00,-10.00,-10.00,-10.00,-10.00,-2.00,-2.00,-0.04,-0.04,-0.04,-0.04,-0.04,-0.04,-0.04,-0.04,-0.04,-0.04,-0.04,-0.04,-0.04,-0.04,-0.04,-0.04,-2.00,-2.00,-10.00,-10.00,-10.00,-10.00,-10.00,-10.00,-10.00,-10.00,-10.00,-10.00,-10.00,-10.00,-10.00,-10.00,-10.00,-10.00,-10.00,-10.00,-10.00,-10.00,-10.00,-10.00,-10.00,-10.00,-10.00,-10.00,-10.00,-10.00,-10.00,-10.00,-10.00,-10.00,-10.00,-10.00,-10.00,-10.00,-10.00,-10.00,-10.00,-10.00
-10.00,-10.00,-10.00,-10.00,-10.00,-10.00,-10.00,-10.00,-10.00,-10.00,-10.00,-10.00,-10.00,-10.00,-10.00,-10.00,-10.00,-10.00,-10.00,-10.00,-10.00,-10.00,-10.00,-10.00,-10.00,-10.00,-10.00,-10.00,-10.00,-10.00,-10.00,-10.00,-10.00,-10.00,-10.00,-10.00,-10.00,-10.00,-10.00,-10.00,-2.00,-2.00,-0.04,-0.04,-0.04,-0.04,-0.04,-0.04,-0.04,-0.04,-0.04,-0.04,-0.04,-0.04,-0.04,-0.04,-0.04,-0.04,-2.00,-2.00,-10.00,-10.00,-10.00,-10.00,-10.00,-10.00,-10.00,-10.00,-10.00,-10.00,-10.00,-10.00,-10.00,-10.00,-10.00,-10.00,-10.00,-10.00,-10.00,-10.00,-10.00,-10.00,-10.00,-10.00,-10.00,-10.00,-10.00,-10.00,-10.00,-10.00,-10.00,-10.00,-10.00,-10.00,-10.00,-10.00,-10.00,-10.00,-10.00,-10.00
-10.00,-10.00,-10.00,-10.00,-10.00,-10.00,-10.00,-10.00,-10.00,-10.00,-10.00,-10.00,-10.00,-10.00,-10.00,-10.00,-10.00,-10.00,-10.00,-10.00,-10.00,-10.00,-10.00,-10.00,-10.00,-10.00,-10.00,-10.00,-10.00,-10.00,-10.00,-10.00,-10.00,-10.00,-10.00,-10.00,-10.00,-10.00,-10.00,-10.00,-2.00,-2.00,-0.04,-0.04,-0.04,-0.04,-0.04,-0.04,-0.04,-0.04,-0.04,-0.04,-0.04,-0.04,-0.04,-0.04,-0.04,-0.04,-2.00,-2.00,-10.00,-10.00,-10.00,-10.00,-10.00,-10.00,-10.00,-10.00,-10.00,-10.00,-10.00,-10.00,-10.00,-10.00,-10.00,-10.00,-10.00,-10.00,-10.00,-10.00,-10.00,-10.00,-10.00,-10.00,-10.00,-10.00,-10.00,-10.00,-10.00,-10.00,-10.00,-10.00,-10.00,-10.00,-10.00,-10.00,-10.00,-10.00,-10.00,-10.00
-10.00,-10.00,-10.00,-10.00,-10.00,-10.00,-10.00,-10.00,-10.00,-10.00,-10.00,-10.00,-10.00,-10.00,-10.00,-10.00,-10.00,-10.00,-10.00,-10.00,-10.00,-10.00,-10.00,-10.00,-10.00,-10.00,-10.00,-10.00,-10.00,-10.00,-10.00,-10.00,-10.00,-10.00,-10.00,-10.00,-10.00,-10.00,-10.00,-10.00,-2.00,-2.00,-0.04,-0.04,-0.04,-0.04,-0.04,-0.04,-0.04,-0.04,-0.04,-0.04,-0.04,-0.04,-0.04,-0.04,-0.04,-0.04,-2.00,-2.00,-10.00,-10.00,-10.00,-10.00,-10.00,-10.00,-10.00,-10.00,-10.00,-10.00,-10.00,-10.00,-10.00,-10.00,-10.00,-10.00,-10.00,-10.00,-10.00,-10.00,-10.00,-10.00,-10.00,-10.00,-10.00,-10.00,-10.00,-10.00,-10.00,-10.00,-10.00,-10.00,-10.00,-10.00,-10.00,-10.00,-10.00,-10.00,-10.00,-10.00
-10.00,-10.00,-10.00,-10.00,-10.00,-10.00,-10.00,-10.00,-10.00,-10.00,-10.00,-10.00,-10.00,-10.00,-10.00,-10.00,-10.00,-10.00,-10.00,-10.00,-10.00,-10.00,-10.00,-10.00,-10.00,-10.00,-10.00,-10.00,-10.00,-10.00,-10.00,-10.00,-10.00,-10.00,-10.00,-10.00,-10.00,-10.00,-10.00,-10.00,-2.00,-2.00,-0.04,-0.04,-0.04,-0.04,-0.04,-0.04,-0.04,-0.04,-0.04,-0.04,-0.04,-0.04,-0.04,-0.04,-0.04,-0.04,-2.00,-2.00,-10.00,-10.00,-10.00,-10.00,-10.00,-10.00,-10.00,-10.00,-10.00,-10.00,-10.00,-10.00,-10.00,-10.00,-10.00,-10.00,-10.00,-10.00,-10.00,-10.00,-10.00,-10.00,-10.00,-10.00,-10.00,-10.00,-10.00,-10.00,-10.00,-10.00,-10.00,-10.00,-10.00,-10.00,-10.00,-10.00,-10.00,-10.00,-10.00,-10.00
-10.00,-10.00,-10.00,-10.00,-10.00,-10.00,-10.00,-10.00,-10.00,-10.00,-10.00,-10.00,-10.00,-10.00,-10.00,-10.00,-10.00,-10.00,-10.00,-10.00,-10.00,-10.00,-10.00,-10.00,-10.00,-10.00,-10.00,-10.00,-10.00,-10.00,-10.00,-10.00,-10.00,-10.00,-10.00,-10.00,-10.00,-10.00,-10.00,-10.00,-2.00,-2.00,-0.04,-0.04,-0.04,-0.04,-0.04,-0.04,-0.04,-0.04,-0.04,-0.04,-0.04,-0.04,-0.04,-0.04,-0.04,-0.04,-2.00,-2.00,-10.00,-10.00,-10.00,-10.00,-10.00,-10.00,-10.00,-10.00,-10.00,-10.00,-10.00,-10.00,-10.00,-10.00,-10.00,-10.00,-10.00,-10.00,-10.00,-10.00,-10.00,-10.00,-10.00,-10.00,-10.00,-10.00,-10.00,-10.00,-10.00,-10.00,-10.00,-10.00,-10.00,-10.00,-10.00,-10.00,-10.00,-10.00,-10.00,-10.00
-10.00,-10.00,-10.00,-10.00,-10.00,-10.00,-10.00,-10.00,-10.00,-10.00,-10.00,-10.00,-10.00,-10.00,-10.00,-10.00,-10.00,-10.00,-10.00,-10.00,-10.00,-10.00,-10.00,-10.00,-10.00,-10.00,-10.00,-10.00,-10.00,-10.00,-10.00,-10.00,-10.00,-10.00,-10.00,-10.00,-10.00,-10.00,-10.00,-10.00,-2.00,-2.00,-0.04,-0.04,-0.04,-0.04,-0.04,-0.04,-0.04,-0.04,-0.04,-0.04,-0.04,-0.04,-0.04,-0.04,-0.04,-0.04,-2.00,-2.00,-10.00,-10.00,-10.00,-10.00,-10.00,-10.00,-10.00,-10.00,-10.00,-10.00,-10.00,-10.00,-10.00,-10.00,-10.00,-10.00,-10.00,-10.00,-10.00,-10.00,-10.00,-10.00,-10.00,-10.00,-10.00,-10.00,-10.00,-10.00,-10.00,-10.00,-10.00,-10.00,-10.00,-10.00,-10.00,-10.00,-10.00,-10.00,-10.00,-10.00
-10.00,-10.00,-10.00,-10.00,-10.00,-10.00,-10.00,-10.00,-10.00,-10.00,-10.00,-10.00,-10.00,-10.00,-10.00,-10.00,-10.00,-10.00,-10.00,-10.00,-10.00,-10.00,-10.00,-10.00,-10.00,-10.00,-10.00,-10.00,-10.00,-10.00,-10.00,-10.00,-10.00,-10.00,-10.00,-10.00,-10.00,-10.00,-10.00,-10.00,-2.00,-2.00,-0.04,-0.04,-0.04,-0.04,-0.04,-0.04,-0.04,-0.04,-0.04,-0.04,-0.04,-0.04,-0.04,-0.04,-0.04,-0.04,-2.00,-2.00,-10.00,-10.00,-10.00,-10.00,-10.00,-10.00,-10.00,-10.00,-10.00,-10.00,-10.00,-10.00,-10.00,-10.00,-10.00,-10.00,-10.00,-10.00,-10.00,-10.00,-10.00,-10.00,-10.00,-10.00,-10.00,-10.00,-10.00,-10.00,-10.00,-10.00,-10.00,-10.00,-10.00,-10.00,-10.00,-10.00,-10.00,-10.00,-10.00,-10.00
-10.00,-10.00,-10.00,-10.00,-10.00,-10.00,-10.00,-10.00,-10.00,-10.00,-10.00,-10.00,-10.00,-10.00,-10.00,-10.00,-10.00,-10.00,-10.00,-10.00,-10.00,-10.00,-10.00,-10.00,-10.00,-10.00,-10.00,-10.00,-10.00,-10.00,-10.00,-10.00,-10.00,-10.00,-10.00,-10.00,-10.00,-10.00,-10.00,-10.00,-2.00,-2.00,-0.04,-0.04,-0.04,-0.04,-0.04,-0.04,-0.04,-0.04,-0.04,-0.04,-0.04,-0.04,-0.04,-0.04,-0.04,-0.04,-2.00,-2.00,-10.00,-10.00,-10.00,-10.00,-10.00,-10.00,-10.00,-10.00,-10.00,-10.00,-10.00,-10.00,-10.00,-10.00,-10.00,-10.00,-10.00,-10.00,-10.00,-10.00,-10.00,-10.00,-10.00,-10.00,-10.00,-10.00,-10.00,-10.00,-10.00,-10.00,-10.00,-10.00,-10.00,-10.00,-10.00,-10.00,-10.00,-10.00,-10.00,-10.00
-10.00,-10.00,-10.00,-10.00,-10.00,-10.00,-10.00,-10.00,-10.00,-10.00,-10.00,-10.00,-10.00,-10.00,-10.00,-10.00,-10.00,-10.00,-10.00,-10.00,-10.00,-10.00,-10.00,-10.00,-10.00,-10.00,-10.00,-10.00,-10.00,-10.00,-10.00,-10.00,-10.00,-10.00,-10.00,-10.00,-10.00,-10.00,-10.00,-10.00,-2.00,-2.00,-0.04,-0.04,-0.04,-0.04,-0.04,-0.04,-0.04,-0.04,-0.04,-0.04,-0.04,-0.04,-0.04,-0.04,-0.04,-0.04,-2.00,-2.00,-10.00,-10.00,-10.00,-10.00,-10.00,-10.00,-10.00,-10.00,-10.00,-10.00,-10.00,-10.00,-10.00,-10.00,-10.00,-10.00,-10.00,-10.00,-10.00,-10.00,-10.00,-10.00,-10.00,-10.00,-10.00,-10.00,-10.00,-10.00,-10.00,-10.00,-10.00,-10.00,-10.00,-10.00,-10.00,-10.00,-10.00,-10.00,-10.00,-10.00
-10.00,-10.00,-10.00,-10.00,-10.00,-10.00,-10.00,-10.00,-10.00,-10.00,-10.00,-10.00,-10.00,-10.00,-10.00,-10.00,-10.00,-10.00,-10.00,-10.00,-10.00,-10.00,-10.00,-10.00,-10.00,-10.00,-10.00,-10.00,-10.00,-10.00,-10.00,-10.00,-10.00,-10.00,-10.00,-10.00,-10.00,-10.00,-10.00,-10.00,-2.00,-2.00,-0.04,-0.04,-0.04,-0.04,-0.04,-0.04,-0.04,-0.04,-0.04,-0.04,-0.04,-0.04,-0.04,-0.04,-0.04,-0.04,-2.00,-2.00,-10.00,-10.00,-10.00,-10.00,-10.00,-10.00,-10.00,-10.00,-10.00,-10.00,-10.00,-10.00,-10.00,-10.00,-10.00,-10.00,-10.00,-10.00,-10.00,-10.00,-10.00,-10.00,-10.00,-10.00,-10.00,-10.00,-10.00,-10.00,-10.00,-10.00,-10.00,-10.00,-10.00,-10.00,-10.00,-10.00,-10.00,-10.00,-10.00,-10.00
-10.00,-10.00,-10.00,-10.00,-10.00,-10.00,-10.00,-10.00,-10.00,-10.00,-10.00,-10.00,-10.00,-10.00,-10.00,-10.00,-10.00,-10.00,-10.00,-10.00,-10.00,-10.00,-10.00,-10.00,-10.00,-10.00,-10.00,-10.00,-10.00,-10.00,-10.00,-10.00,-10.00,-10.00,-10.00,-10.00,-10.00,-10.00,-10.00,-10.00,-2.00,-2.00,-0.04,-0.04,-0.04,-0.04,-0.04,-0.04,-0.04,-0.04,-0.04,-0.04,-0.04,-0.04,-0.04,-0.04,-0.04,-0.04,-2.00,-2.00,-10.00,-10.00,-10.00,-10.00,-10.00,-10.00,-10.00,-10.00,-10.00,-10.00,-10.00,-10.00,-10.00,-10.00,-10.00,-10.00,-10.00,-10.00,-10.00,-10.00,-10.00,-10.00,-10.00,-10.00,-10.00,-10.00,-10.00,-10.00,-10.00,-10.00,-10.00,-10.00,-10.00,-10.00,-10.00,-10.00,-10.00,-10.00,-10.00,-10.00
-10.00,-10.00,-10.00,-10.00,-10.00,-10.00,-10.00,-10.00,-10.00,-10.00,-10.00,-10.00,-10.00,-10.00,-10.00,-10.00,-10.00,-10.00,-10.00,-10.00,-10.00,-10.00,-10.00,-10.00,-10.00,-10.00,-10.00,-10.00,-10.00,-10.00,-10.00,-10.00,-10.00,-10.00,-10.00,-10.00,-10.00,-10.00,-10.00,-10.00,-2.00,-2.00,-0.04,-0.04,-0.04,-0.04,-0.04,-0.04,-0.04,-0.04,-0.04,-0.04,-0.04,-0.04,-0.04,-0.04,-0.04,-0.04,-2.00,-2.00,-10.00,-10.00,-10.00,-10.00,-10.00,-10.00,-10.00,-10.00,-10.00,-10.00,-10.00,-10.00,-10.00,-10.00,-10.00,-10.00,-10.00,-10.00,-10.00,-10.00,-10.00,-10.00,-10.00,-10.00,-10.00,-10.00,-10.00,-10.00,-10.00,-10.00,-10.00,-10.00,-10.00,-10.00,-10.00,-10.00,-10.00,-10.00,-10.00,-10.00
-10.00,-10.00,-10.00,-10.00,-10.00,-10.00,-10.00,-10.00,-10.00,-10.00,-10.00,-10.00,-10.00,-10.00,-10.00,-10.00,-10.00,-10.00,-10.00,-10.00,-10.00,-10.00,-10.00,-10.00,-10.00,-10.00,-10.00,-10.00,-10.00,-10.00,-10.00,-10.00,-10.00,-10.00,-10.00,-10.00,-10.00,-10.00,-10.00,-10.00,-2.00,-2.00,-0.04,-0.04,-0.04,-0.04,-0.04,-0.04,-0.04,-0.04,-0.04,-0.04,-0.04,-0.04,-0.04,-0.04,-0.04,-0.04,-2.00,-2.00,-10.00,-10.00,-10.00,-10.00,-10.00,-10.00,-10.00,-10.00,-10.00,-10.00,-10.00,-10.00,-10.00,-10.00,-10.00,-10.00,-10.00,-10.00,-10.00,-10.00,-10.00,-10.00,-10.00,-10.00,-10.00,-10.00,-10.00,-10.00,-10.00,-10.00,-10.00,-10.00,-10.00,-10.00,-10.00,-10.00,-10.00,-10.00,-10.00,-10.00
-10.00,-10.00,-10.00,-10.00,-10.00,-10.00,-10.00,-10.00,-10.00,-10.00,-10.00,-10.00,-10.00,-10.00,-10.00,-10.00,-10.00,-10.00,-10.00,-10.00,-10.00,-10.00,-10.00,-10.00,-10.00,-10.00,-10.00,-10.00,-10.00,-10.00,-10.00,-10.00,-10.00,-10.00,-10.00,-10.00,-10.00,-10.00,-10.00,-10.00,-2.00,-2.00,-0.04,-0.04,-0.04,-0.04,-0.04,-0.04,-0.04,-0.04,-0.04,-0.04,-0.04,-0.04,-0.04,-0.04,-0.04,-0.04,-2.00,-2.00,-10.00,-10.00,-10.00,-10.00,-10.00,-10.00,-10.00,-10.00,-10.00,-10.00,-10.00,-10.00,-10.00,-10.00,-10.00,-10.00,-10.00,-10.00,-10.00,-10.00,-10.00,-10.00,-10.00,-10.00,-10.00,-10.00,-10.00,-10.00,-10.00,-10.00,-10.00,-10.00,-10.00,-10.00,-10.00,-10.00,-10.00,-10.00,-10.00,-10.00
-10.00,-10.00,-10.00,-10.00,-10.00,-10.00,-10.00,-10.00,-10.00,-10.00,-10.00,-10.00,-10.00,-10.00,-10.00,-10.00,-10.00,-10.00,-10.00,-10.00,-10.00,-10.00,-10.00,-10.00,-10.00,-10.00,-10.00,-10.00,-10.00,-10.00,-10.00,-10.00,-10.00,-10.00,-10.00,-10.00,-10.00,-10.00,-10.00,-10.00,-2.00,-2.00,-0.04,-0.04,-0.04,-0.04,-0.04,-0.04,-0.04,-0.04,-0.04,-0.04,-0.04,-0.04,-0.04,-0.04,-0.04,-0.04,-2.00,-2.00,-10.00,-10.00,-10.00,-10.00,-10.00,-10.00,-10.00,-10.00,-10.00,-10.00,-10.00,-10.00,-10.00,-10.00,-10.00,-10.00,-10.00,-10.00,-10.00,-10.00,-10.00,-10.00,-10.00,-10.00,-10.00,-10.00,-10.00,-10.00,-10.00,-10.00,-10.00,-10.00,-10.00,-10.00,-10.00,-10.00,-10.00,-10.00,-10.00,-10.00
-10.00,-10.00,-10.00,-10.00,-10.00,-10.00,-10.00,-10.00,-10.00,-10.00,-10.00,-10.00,-10.00,-10.00,-10.00,-10.00,-10.00,-10.00,-10.00,-10.00,-10.00,-10.00,-10.00,-10.00,-10.00,-10.00,-10.00,-10.00,-10.00,-10.00,-10.00,-10.00,-10.00,-10.00,-10.00,-10.00,-10.00,-10.00,-10.00,-10.00,-2.00,-2.00,-0.04,-0.04,-0.04,-0.04,-0.04,-0.04,-0.04,-0.04,-0.04,-0.04,-0.04,-0.04,-0.04,-0.04,-0.04,-0.04,-2.00,-2.00,-10.00,-10.00,-10.00,-10.00,-10.00,-10.00,-10.00,-10.00,-10.00,-10.00,-10.00,-10.00,-10.00,-10.00,-10.00,-10.00,-10.00,-10.00,-10.00,-10.00,-10.00,-10.00,-10.00,-10.00,-10.00,-10.00,-10.00,-10.00,-10.00,-10.00,-10.00,-10.00,-10.00,-10.00,-10.00,-10.00,-10.00,-10.00,-10.00,-10.00
-10.00,-10.00,-10.00,-10.00,-10.00,-10.00,-10.00,-10.00,-10.00,-10.00,-10.00,-10.00,-10.00,-10.00,-10.00,-10.00,-10.00,-10.00,-10.00,-10.00,-10.00,-10.00,-10.00,-10.00,-10.00,-10.00,-10.00,-10.00,-10.00,-10.00,-10.00,-10.00,-10.00,-10.00,-10.00,-10.00,-10.00,-10.00,-10.00,-10.00,-2.00,-2.00,-0.04,-0.04,-0.04,-0.04,-0.04,-0.04,-0.04,-0.04,-0.04,-0.04,-0.04,-0.04,-0.04,-0.04,-0.04,-0.04,-2.00,-2.00,-10.00,-10.00,-10.00,-10.00,-10.00,-10.00,-10.00,-10.00,-10.00,-10.00,-10.00,-10.00,-10.00,-10.00,-10.00,-10.00,-10.00,-10.00,-10.00,-10.00,-10.00,-10.00,-10.00,-10.00,-10.00,-10.00,-10.00,-10.00,-10.00,-10.00,-10.00,-10.00,-10.00,-10.00,-10.00,-10.00,-10.00,-10.00,-10.00,-10.00
-10.00,-10.00,-10.00,-10.00,-10.00,-10.00,-10.00,-10.00,-10.00,-10.00,-10.00,-10.00,-10.00,-10.00,-10.00,-10.00,-10.00,-10.00,-10.00,-10.00,-10.00,-10.00,-10.00,-10.00,-10.00,-10.00,-10.00,-10.00,-10.00,-10.00,-10.00,-10.00,-10.00,-10.00,-10.00,-10.00,-10.00,-10.00,-10.00,-10.00,-2.00,-2.00,-0.04,-0.04,-0.04,-0.04,-0.04,-0.04,-0.04,-0.04,-0.04,-0.04,-0.04,-0.04,-0.04,-0.04,-0.04,-0.04,-2.00,-2.00,-10.00,-10.00,-10.00,-10.00,-10.00,-10.00,-10.00,-10.00,-10.00,-10.00,-10.00,-10.00,-10.00,-10.00,-10.00,-10.00,-10.00,-10.00,-10.00,-10.00,-10.00,-10.00,-10.00,-10.00,-10.00,-10.00,-10.00,-10.00,-10.00,-10.00,-10.00,-10.00,-10.00,-10.00,-10.00,-10.00,-10.00,-10.00,-10.00,-10.00
-10.00,-10.00,-10.00,-10.00,-10.00,-10.00,-10.00,-10.00,-10.00,-10.00,-10.00,-10.00,-10.00,-10.00,-10.00,-10.00,-10.00,-10.00,-10.00,-10.00,-10.00,-10.00,-10.00,-10.00,-10.00,-10.00,-10.00,-10.00,-10.00,-10.00,-10.00,-10.00,-10.00,-10.00,-10.00,-10.00,-10.00,-10.00,-10.00,-10.00,-2.00,-2.00,-0.04,-0.04,-0.04,-0.04,-0.04,-0.04,-0.04,-0.04,-0.04,-0.04,-0.04,-0.04,-0.04,-0.04,-0.04,-0.04,-2.00,-2.00,-10.00,-10.00,-10.00,-10.00,-10.00,-10.00,-10.00,-10.00,-10.00,-10.00,-10.00,-10.00,-10.00,-10.00,-10.00,-10.00,-10.00,-10.00,-10.00,-10.00,-10.00,-10.00,-10.00,-10.00,-10.00,-10.00,-10.00,-10.00,-10.00,-10.00,-10.00,-10.00,-10.00,-10.00,-10.00,-10.00,-10.00,-10.00,-10.00,-10.00
-10.00,-10.00,-10.00,-10.00,-10.00,-10.00,-10.00,-10.00,-10.00,-10.00,-10.00,-10.00,-10.00,-10.00,-10.00,-10.00,-10.00,-10.00,-10.00,-10.00,-10.00,-10.00,-10.00,-10.00,-10.00,-10.00,-10.00,-10.00,-10.00,-10.00,-10.00,-10.00,-10.00,-10.00,-10.00,-10.00,-10.00,-10.00,-10.00,-10.00,-2.00,-2.00,-0.04,-0.04,-0.04,-0.04,-0.04,-0.04,-0.04,-0.04,-0.04,-0.04,-0.04,-0.04,-0.04,-0.04,-0.04,-0.04,-2.00,-2.00,-10.00,-10.00,-10.00,-10.00,-10.00,-10.00,-10.00,-10.00,-10.00,-10.00,-10.00,-10.00,-10.00,-10.00,-10.00,-10.00,-10.00,-10.00,-10.00,-10.00,-10.00,-10.00,-10.00,-10.00,-10.00,-10.00,-10.00,-10.00,-10.00,-10.00,-10.00,-10.00,-10.00,-10.00,-10.00,-10.00,-10.00,-10.00,-10.00,-10.00
-10.00,-10.00,-10.00,-10.00,-10.00,-10.00,-10.00,-10.00,-10.00,-10.00,-10.00,-10.00,-10.00,-10.00,-10.00,-10.00,-10.00,-10.00,-10.00,-10.00,-10.00,-10.00,-10.00,-10.00,-10.00,-10.00,-10.00,-10.00,-10.00,-10.00,-10.00,-10.00,-10.00,-10.00,-10.00,-10.00,-10.00,-10.00,-10.00,-10.00,-2.00,-2.00,-0.04,-0.04,-0.04,-0.04,-0.04,-0.04,-0.04,-0.04,-0.04,-0.04,-0.04,-0.04,-0.04,-0.04,-0.04,-0.04,-2.00,-2.00,-10.00,-10.00,-10.00,-10.00,-10.00,-10.00,-10.00,-10.00,-10.00,-10.00,-10.00,-10.00,-10.00,-10.00,-10.00,-10.00,-10.00,-10.00,-10.00,-10.00,-10.00,-10.00,-10.00,-10.00,-10.00,-10.00,-10.00,-10.00,-10.00,-10.00,-10.00,-10.00,-10.00,-10.00,-10.00,-10.00,-10.00,-10.00,-10.00,-10.00
-10.00,-10.00,-10.00,-10.00,-10.00,-10.00,-10.00,-10.00,-10.00,-10.00,-10.00,-10.00,-10.00,-10.00,-10.00,-10.00,-10.00,-10.00,-10.00,-10.00,-10.00,-10.00,-10.00,-10.00,-10.00,-10.00,-10.00,-10.00,-10.00,-10.00,-10.00,-10.00,-10.00,-10.00,-10.00,-10.00,-10.00,-10.00,-10.00,-10.00,-2.00,-2.00,-0.04,-0.04,-0.04,-0.04,-0.04,-0.04,-0.04,-0.04,-0.04,-0.04,-0.04,-0.04,-0.04,-0.04,-0.04,-0.04,-2.00,-2.00,-10.00,-10.00,-10.00,-10.00,-10.00,-10.00,-10.00,-10.00,-10.00,-10.00,-10.00,-10.00,-10.00,-10.00,-10.00,-10.00,-10.00,-10.00,-10.00,-10.00,-10.00,-10.00,-10.00,-10.00,-10.00,-10.00,-10.00,-10.00,-10.00,-10.00,-10.00,-10.00,-10.00,-10.00,-10.00,-10.00,-10.00,-10.00,-10.00,-10.00
-10.00,-10.00,-10.00,-10.00,-10.00,-10.00,-10.00,-10.00,-10.00,-10.00,-10.00,-10.00,-10.00,-10.00,-10.00,-10.00,-10.00,-10.00,-10.00,-10.00,-10.00,-10.00,-10.00,-10.00,-10.00,-10.00,-10.00,-10.00,-10.00,-10.00,-10.00,-10.00,-10.00,-10.00,-10.00,-10.00,-10.00,-10.00,-10.00,-10.00,-2.00,-2.00,-0.04,-0.04,-0.04,-0.04,-0.04,-0.04,-0.04,-0.04,-0.04,-0.04,-0.04,-0.04,-0.04,-0.04,-0.04,-0.04,-2.00,-2.00,-10.00,-10.00,-10.00,-10.00,-10.00,-10.00,-10.00,-10.00,-10.00,-10.00,-10.00,-10.00,-10.00,-10.00,-10.00,-10.00,-10.00,-10.00,-10.00,-10.00,-10.00,-10.00,-10.00,-10.00,-10.00,-10.00,-10.00,-10.00,-10.00,-10.00,-10.00,-10.00,-10.00,-10.00,-10.00,-10.00,-10.00,-10.00,-10.00,-10.00
-10.00,-10.00,-10.00,-10.00,-10.00,-10.00,-10.00,-10.00,-10.00,-10.00,-10.00,-10.00,-10.00,-10.00,-10.00,-10.00,-10.00,-10.00,-10.00,-10.00,-10.00,-10.00,-10.00,-10.00,-10.00,-10.00,-10.00,-10.00,-10.00,-10.00,-10.00,-10.00,-10.00,-10.00,-10.00,-10.00,-10.00,-10.00,-10.00,-10.00,-2.00,-2.00,-0.04,-0.04,-0.04,-0.04,-0.04,-0.04,-0.04,-0.04,-0.04,-0.04,-0.04,-0.04,-0.04,-0.04,-0.04,-0.04,-2.00,-2.00,-10.00,-10.00,-10.00,-10.00,-10.00,-10.00,-10.00,-10.00,-10.00,-10.00,-10.00,-10.00,-10.00,-10.00,-10.00,-10.00,-10.00,-10.00,-10.00,-10.00,-10.00,-10.00,-10.00,-10.00,-10.00,-10.00,-10.00,-10.00,-10.00,-10.00,-10.00,-10.00,-10.00,-10.00,-10.00,-10.00,-10.00,-10.00,-10.00,-10.00
-2.00,-2.00,-2.00,-2.00,-2.00,-2.00,-2.00,-2.00,-2.00,-2.00,-2.00,-2.00,-2.00,-2.00,-2.00,-2.00,-2.00,-2.00,-2.00,-2.00,-2.00,-2.00,-2.00,-2.00,-2.00,-2.00,-2.00,-2.00,-2.00,-2.00,-2.00,-2.00,-2.00,-2.00,-2.00,-2.00,-2.00,-2.00,-2.00,-2.00,-2.00,-2.00,-0.04,-0.04,-0.04,-0.04,-0.04,-0.04,-0.04,-0.04,-0.04,-0.04,-0.04,-0.04,-0.04,-0.04,-0.04,-0.04,-2.00,-2.00,-2.00,-2.00,-2.00,-2.00,-2.00,-2.00,-2.00,-2.00,-2.00,-2.00,-2.00,-2.00,-2.00,-2.00,-2.00,-2.00,-2.00,-2.00,-2.00,-2.00,-2.00,-2.00,-2.00,-2.00,-2.00,-2.00,-2.00,-2.00,-2.00,-2.00,-2.00,-2.00,-2.00,-2.00,-2.00,-2.00,-2.00,-2.00,-2.00,10.00
-2.00,-2.00,-2.00,-2.00,-2.00,-2.00,-2.00,-2.00,-2.00,-2.00,-2.00,-2.00,-2.00,-2.00,-2.00,-2.00,-2.00,-2.00,-2.00,-2.00,-2.00,-2.00,-2.00,-2.00,-2.00,-2.00,-2.00,-2.00,-2.00,-2.00,-2.00,-2.00,-2.00,-2.00,-2.00,-2.00,-2.00,-2.00,-2.00,-2.00,-2.00,-2.00,-0.04,-0.04,-0.04,-0.04,-0.04,-0.04,-0.04,-0.04,-0.04,-0.04,-0.04,-0.04,-0.04,-0.04,-0.04,-0.04,-2.00,-2.00,-2.00,-2.00,-2.00,-2.00,-2.00,-2.00,-2.00,-2.00,-2.00,-2.00,-2.00,-2.00,-2.00,-2.00,-2.00,-2.00,-2.00,-2.00,-2.00,-2.00,-2.00,-2.00,-2.00,-2.00,-2.00,-2.00,-2.00,-2.00,-2.00,-2.00,-2.00,-2.00,-2.00,-2.00,-2.00,-2.00,-2.00,-2.00,-2.00,10.00
-0.04,-0.04,-0.04,-0.04,-0.04,-0.04,-0.04,-0.04,-0.04,-0.04,-0.04,-0.04,-0.04,-0.04,-0.04,-0.04,-0.04,-0.04,-0.04,-0.04,-0.04,-0.04,-0.04,-0.04,-0.04,-0.04,-0.04,-0.04,-0.04,-0.04,-0.04,-0.04,-0.04,-0.04,-0.04,-0.04,-0.04,-0.04,-0.04,-0.04,-0.04,-0.04,-0.04,-0.04,-0.04,-0.04,-0.04,-0.04,-0.04,-0.04,-0.04,-0.04,-0.04,-0.04,-0.04,-0.04,-0.04,-0.04,-0.04,-0.04,-0.04,-0.04,-0.04,-0.04,-0.04,-0.04,-0.04,-0.04,-0.04,-0.04,-0.04,-0.04,-0.04,-0.04,-0.04,-0.04,-0.04,-0.04,-0.04,-0.04,-0.04,-0.04,-0.04,-0.04,-0.04,-0.04,-0.04,-0.04,-0.04,-0.04,-0.04,-0.04,-0.04,-0.04,-0.04,-0.04,-0.04,-0.04,-0.04,10.00
-0.04,-0.04,-0.04,-0.04,-0.04,-0.04,-0.04,-0.04,-0.04,-0.04,-0.04,-0.04,-0.04,-0.04,-0.04,-0.04,-0.04,-0.04,-0.04,-0.04,-0.04,-0.04,-0.04,-0.04,-0.04,-0.04,-0.04,-0.04,-0.04,-0.04,-0.04,-0.04,-0.04,-0.04,-0.04,-0.04,-0.04,-0.04,-0.04,-0.04,-0.04,-0.04,-0.04,-0.04,-0.04,-0.04,-0.04,-0.04,-0.04,-0.04,-0.04,-0.04,-0.04,-0.04,-0.04,-0.04,-0.04,-0.04,-0.04,-0.04,-0.04,-0.04,-0.04,-0.04,-0.04,-0.04,-0.04,-0.04,-0.04,-0.04,-0.04,-0.04,-0.04,-0.04,-0.04,-0.04,-0.04,-0.04,-0.04,-0.04,-0.04,-0.04,-0.04,-0.04,-0.04,-0.04,-0.04,-0.04,-0.04,-0.04,-0.04,-0.04,-0.04,-0.04,-0.04,-0.04,-0.04,-0.04,-0.04,10.00
-0.04,-0.04,-0.04,-0.04,-0.04,-0.04,-0.04,-0.04,-0.04,-0.04,-0.04,-0.04,-0.04,-0.04,-0.04,-0.04,-0.04,-0.04,-0.04,-0.04,-0.04,-0.04,-0.04,-0.04,-0.04,-0.04,-0.04,-0.04,-0.04,-0.04,-0.04,-0.04,-0.04,-0.04,-0.04,-0.04,-0.04,-0.04,-0.04,-0.04,-0.04,-0.04,-0.04,-0.04,-0.04,-0.04,-0.04,-0.04,-0.04,-0.04,-0.04,-0.04,-0.04,-0.04,-0.04,-0.04,-0.04,-0.04,-0.04,-0.04,-0.04,-0.04,-0.04,-0.04,-0.04,-0.04,-0.04,-0.04,-0.04,-0.04,-0.04,-0.04,-0.04,-0.04,-0.04,-0.04,-0.04,-0.04,-0.04,-0.04,-0.04,-0.04,-0.04,-0.04,-0.04,-0.04,-0.04,-0.04,-0.04,-0.04,-0.04,-0.04,-0.04,-0.04,-0.04,-0.04,-0.04,-0.04,-0.04,10.00
-0.04,-0.04,-0.04,-0.04,-0.04,-0.04,-0.04,-0.04,-0.04,-0.04,-0.04,-0.04,-0.04,-0.04,-0.04,-0.04,-0.04,-0.04,-0.04,-0.04,-0.04,-0.04,-0.04,-0.04,-0.04,-0.04,-0.04,-0.04,-0.04,-0.04,-0.04,-0.04,-0.04,-0.04,-0.04,-0.04,-0.04,-0.04,-0.04,-0.04,-0.04,-0.04,-0.04,-0.04,-0.04,-0.04,-0.04,-0.04,-10.00,-10.00,-10.00,-10.00,-0.04,-0.04,-0.04,-0.04,-0.04,-0.04,-0.04,-0.04,-0.04,-0.04,-0.04,-0.04,-0.04,-0.04,-0.04,-0.04,-0.04,-0.04,-0.04,-0.04,-0.04,-0.04,-0.04,-0.04,-0.04,-0.04,-0.04,-0.04,-0.04,-0.04,-0.04,-0.04,-0.04,-0.04,-0.04,-0.04,-0.04,-0.04,-0.04,-0.04,-0.04,-0.04,-0.04,-0.04,-0.04,-0.04,-0.04,10.00
-0.04,-0.04,-0.04,-0.04,-0.04,-0.04,-0.04,-0.04,-0.04,-0.04,-0.04,-0.04,-0.04,-0.04,-0.04,-0.04,-0.04,-0.04,-0.04,-0.04,-0.04,-0.04,-0.04,-0.04,-0.04,-0.04,-0.04,-0.04,-0.04,-0.04,-0.04,-0.04,-0.04,-0.04,-0.04,-0.04,-0.04,-0.04,-0.04,-0.04,-0.04,-0.04,-0.04,-0.04,-0.04,-0.04,-0.04,-0.04,-10.00,-10.00,-10.00,-10.00,-0.04,-0.04,-0.04,-0.04,-0.04,-0.04,-0.04,-0.04,-0.04,-0.04,-0.04,-0.04,-0.04,-0.04,-0.04,-0.04,-0.04,-0.04,-0.04,-0.04,-0.04,-0.04,-0.04,-0.04,-0.04,-0.04,-0.04,-0.04,-0.04,-0.04,-0.04,-0.04,-0.04,-0.04,-0.04,-0.04,-0.04,-0.04,-0.04,-0.04,-0.04,-0.04,-0.04,-0.04,-0.04,-0.04,-0.04,10.00
-0.04,-0.04,-0.04,-0.04,-0.04,-0.04,-0.04,-0.04,-0.04,-0.04,-0.04,-0.04,-0.04,-0.04,-0.04,-0.04,-0.04,-0.04,-0.04,-0.04,-0.04,-0.04,-0.04,-0.04,-0.04,-0.04,-0.04,-0.04,-0.04,-0.04,-0.04,-0.04,-0.04,-0.04,-0.04,-0.04,-0.04,-0.04,-0.04,-0.04,-0.04,-0.04,-0.04,-0.04,-0.04,-0.04,-10.00,-10.00,-10.00,-10.00,-10.00,-10.00,-10.00,-10.00,-0.04,-0.04,-0.04,-0.04,-0.04,-0.04,-0.04,-0.04,-0.04,-0.04,-0.04,-0.04,-0.04,-0.04,-0.04,-0.04,-0.04,-0.04,-0.04,-0.04,-0.04,-0.04,-0.04,-0.04,-0.04,-0.04,-0.04,-0.04,-0.04,-0.04,-0.04,-0.04,-0.04,-0.04,-0.04,-0.04,-0.04,-0.04,-0.04,-0.04,-0.04,-0.04,-0.04,-0.04,-0.04,10.00
-0.04,-0.04,-0.04,-0.04,-0.04,-0.04,-0.04,-0.04,-0.04,-0.04,-0.04,-0.04,-0.04,-0.04,-0.04,-0.04,-0.04,-0.04,-0.04,-0.04,-0.04,-0.04,-0.04,-0.04,-0.04,-0.04,-0.04,-0.04,-0.04,-0.04,-0.04,-0.04,-0.04,-0.04,-0.04,-0.04,-0.04,-0.04,-0.04,-0.04,-0.04,-0.04,-0.04,-0.04,-0.04,-0.04,-10.00,-10.00,-10.00,-10.00,-10.00,-10.00,-10.00,-10.00,-0.04,-0.04,-0.04,-0.04,-0.04,-0.04,-0.04,-0.04,-0.04,-0.04,-0.04,-0.04,-0.04,-0.04,-0.04,-0.04,-0.04,-0.04,-0.04,-0.04,-0.04,-0.04,-0.04,-0.04,-0.04,-0.04,-0.04,-0.04,-0.04,-0.04,-0.04,-0.04,-0.04,-0.04,-0.04,-0.04,-0.04,-0.04,-0.04,-0.04,-0.04,-0.04,-0.04,-0.04,-0.04,10.00
-0.04,-0.04,-0.04,-0.04,-0.04,-0.04,-0.04,-0.04,-0.04,-0.04,-0.04,-0.04,-0.04,-0.04,-0.04,-0.04,-0.04,-0.04,-0.04,-0.04,-0.04,-0.04,-0.04,-0.04,-0.04,-0.04,-0.04,-0.04,-0.04,-0.04,-0.04,-0.04,-0.04,-0.04,-0.04,-0.04,-0.04,-0.04,-0.04,-0.04,-0.04,-0.04,-0.04,-0.04,-0.04,-0.04,-10.00,-10.00,-10.00,-10.00,-10.00,-10.00,-10.00,-10.00,-0.04,-0.04,-0.04,-0.04,-0.04,-0.04,-0.04,-0.04,-0.04,-0.04,-0.04,-0.04,-0.04,-0.04,-0.04,-0.04,-0.04,-0.04,-0.04,-0.04,-0.04,-0.04,-0.04,-0.04,-0.04,-0.04,-0.04,-0.04,-0.04,-0.04,-0.04,-0.04,-0.04,-0.04,-0.04,-0.04,-0.04,-0.04,-0.04,-0.04,-0.04,-0.04,-0.04,-0.04,-0.04,10.00
-0.04,-0.04,-0.04,-0.04,-0.04,-0.04,-0.04,-0.04,-0.04,-0.04,-0.04,-0.04,-0.04,-0.04,-0.04,-0.04,-0.04,-0.04,-0.04,-0.04,-0.04,-0.04,-0.04,-0.04,-0.04,-0.04,-0.04,-0.04,-0.04,-0.04,-0.04,-0.04,-0.04,-0.04,-0.04,-0.04,-0.04,-0.04,-0.04,-0.04,-0.04,-0.04,-0.04,-0.04,-0.04,-0.04,-10.00,-10.00,-10.00,-10.00,-10.00,-10.00,-10.00,-10.00,-0.04,-0.04,-0.04,-0.04,-0.04,-0.04,-0.04,-0.04,-0.04,-0.04,-0.04,-0.04,-0.04,-0.04,-0.04,-0.04,-0.04,-0.04,-0.04,-0.04,-0.04,-0.04,-0.04,-0.04,-0.04,-0.04,-0.04,-0.04,-0.04,-0.04,-0.04,-0.04,-0.04,-0.04,-0.04,-0.04,-0.04,-0.04,-0.04,-0.04,-0.04,-0.04,-0.04,-0.04,-0.04,10.00
-0.04,-0.04,-0.04,-0.04,-0.04,-0.04,-0.04,-0.04,-0.04,-0.04,-0.04,-0.04,-0.04,-0.04,-0.04,-0.04,-0.04,-0.04,-0.04,-0.04,-0.04,-0.04,-0.04,-0.04,-0.04,-0.04,-0.04,-0.04,-0.04,-0.04,-0.04,-0.04,-0.04,-0.04,-0.04,-0.04,-0.04,-0.04,-0.04,-0.04,-0.04,-0.04,-0.04,-0.04,-0.04,-0.04,-0.04,-0.04,-10.00,-10.00,-10.00,-10.00,-0.04,-0.04,-0.04,-0.04,-0.04,-0.04,-0.04,-0.04,-0.04,-0.04,-0.04,-0.04,-0.04,-0.04,-0.04,-0.04,-0.04,-0.04,-0.04,-0.04,-0.04,-0.04,-0.04,-0.04,-0.04,-0.04,-0.04,-0.04,-0.04,-0.04,-0.04,-0.04,-0.04,-0.04,-0.04,-0.04,-0.04,-0.04,-0.04,-0.04,-0.04,-0.04,-0.04,-0.04,-0.04,-0.04,-0.04,10.00
-0.04,-0.04,-0.04,-0.04,-0.04,-0.04,-0.04,-0.04,-0.04,-0.04,-0.04,-0.04,-0.04,-0.04,-0.04,-0.04,-0.04,-0.04,-0.04,-0.04,-0.04,-0.04,-0.04,-0.04,-0.04,-0.04,-0.04,-0.04,-0.04,-0.04,-0.04,-0.04,-0.04,-0.04,-0.04,-0.04,-0.04,-0.04,-0.04,-0.04,-0.04,-0.04,-0.04,-0.04,-0.04,-0.04,-0.04,-0.04,-10.00,-10.00,-10.00,-10.00,-0.04,-0.04,-0.04,-0.04,-0.04,-0.04,-0.04,-0.04,-0.04,-0.04,-0.04,-0.04,-0.04,-0.04,-0.04,-0.04,-0.04,-0.04,-0.04,-0.04,-0.04,-0.04,-0.04,-0.04,-0.04,-0.04,-0.04,-0.04,-0.04,-0.04,-0.04,-0.04,-0.04,-0.04,-0.04,-0.04,-0.04,-0.04,-0.04,-0.04,-0.04,-0.04,-0.04,-0.04,-0.04,-0.04,-0.04,10.00
-0.04,-0.04,-0.04,-0.04,-0.04,-0.04,-0.04,-0.04,-0.04,-0.04,-0.04,-0.04,-0.04,-0.04,-0.04,-0.04,-0.04,-0.04,-0.04,-0.04,-0.04,-0.04,-0.04,-0.04,-0.04,-0.04,-0.04,-0.04,-0.04,-0.04,-0.04,-0.04,-0.04,-0.04,-0.04,-0.04,-0.04,-0.04,-0.04,-0.04,-0.04,-0.04,-0.04,-0.04,-0.04,-0.04,-0.04,-0.04,-0.04,-0.04,-0.04,-0.04,-0.04,-0.04,-0.04,-0.04,-0.04,-0.04,-0.04,-0.04,-0.04,-0.04,-0.04,-0.04,-0.04,-0.04,-0.04,-0.04,-0.04,-0.04,-0.04,-0.04,-0.04,-0.04,-0.04,-0.04,-0.04,-0.04,-0.04,-0.04,-0.04,-0.04,-0.04,-0.04,-0.04,-0.04,-0.04,-0.04,-0.04,-0.04,-0.04,-0.04,-0.04,-0.04,-0.04,-0.04,-0.04,-0.04,-0.04,10.00
-0.04,-0.04,-0.04,-0.04,-0.04,-0.04,-0.04,-0.04,-0.04,-0.04,-0.04,-0.04,-0.04,-0.04,-0.04,-0.04,-0.04,-0.04,-0.04,-0.04,-0.04,-0.04,-0.04,-0.04,-0.04,-0.04,-0.04,-0.04,-0.04,-0.04,-0.04,-0.04,-0.04,-0.04,-0.04,-0.04,-0.04,-0.04,-0.04,-0.04,-0.04,-0.04,-0.04,-0.04,-0.04,-0.04,-0.04,-0.04,-0.04,-0.04,-0.04,-0.04,-0.04,-0.04,-0.04,-0.04,-0.04,-0.04,-0.04,-0.04,-0.04,-0.04,-0.04,-0.04,-0.04,-0.04,-0.04,-0.04,-0.04,-0.04,-0.04,-0.04,-0.04,-0.04,-0.04,-0.04,-0.04,-0.04,-0.04,-0.04,-0.04,-0.04,-0.04,-0.04,-0.04,-0.04,-0.04,-0.04,-0.04,-0.04,-0.04,-0.04,-0.04,-0.04,-0.04,-0.04,-0.04,-0.04,-0.04,10.00
-0.04,-0.04,-0.04,-0.04,-0.04,-0.04,-0.04,-0.04,-0.04,-0.04,-0.04,-0.04,-0.04,-0.04,-0.04,-0.04,-0.04,-0.04,-0.04,-0.04,-0.04,-0.04,-0.04,-0.04,-0.04,-0.04,-0.04,-0.04,-0.04,-0.04,-0.04,-0.04,-0.04,-0.04,-0.04,-0.04,-0.04,-0.04,-0.04,-0.04,-0.04,-0.04,-0.04,-0.04,-0.04,-0.04,-0.04,-0.04,-0.04,-0.04,-0.04,-0.04,-0.04,-0.04,-0.04,-0.04,-0.04,-0.04,-0.04,-0.04,-0.04,-0.04,-0.04,-0.04,-0.04,-0.04,-0.04,-0.04,-0.04,-0.04,-0.04,-0.04,-0.04,-0.04,-0.04,-0.04,-0.04,-0.04,-0.04,-0.04,-0.04,-0.04,-0.04,-0.04,-0.04,-0.04,-0.04,-0.04,-0.04,-0.04,-0.04,-0.04,-0.04,-0.04,-0.04,-0.04,-0.04,-0.04,-0.04,10.00
-0.04,-0.04,-0.04,-0.04,-0.04,-0.04,-0.04,-0.04,-0.04,-0.04,-0.04,-0.04,-0.04,-0.04,-0.04,-0.04,-0.04,-0.04,-0.04,-0.04,-0.04,-0.04,-0.04,-0.04,-0.04,-0.04,-0.04,-0.04,-0.04,-0.04,-0.04,-0.04,-0.04,-0.04,-0.04,-0.04,-0.04,-0.04,-0.04,-0.04,-0.04,-0.04,-0.04,-0.04,-0.04,-0.04,-0.04,-0.04,-0.04,-0.04,-0.04,-0.04,-0.04,-0.04,-0.04,-0.04,-0.04,-0.04,-0.04,-0.04,-0.04,-0.04,-0.04,-0.04,-0.04,-0.04,-0.04,-0.04,-0.04,-0.04,-0.04,-0.04,-0.04,-0.04,-0.04,-0.04,-0.04,-0.04,-0.04,-0.04,-0.04,-0.04,-0.04,-0.04,-0.04,-0.04,-0.04,-0.04,-0.04,-0.04,-0.04,-0.04,-0.04,-0.04,-0.04,-0.04,-0.04,-0.04,-0.04,10.00
-0.04,-0.04,-0.04,-0.04,-0.04,-0.04,-0.04,-0.04,-0.04,-0.04,-0.04,-0.04,-0.04,-0.04,-0.04,-0.04,-0.04,-0.04,-0.04,-0.04,-0.04,-0.04,-0.04,-0.04,-0.04,-0.04,-0.04,-0.04,-0.04,-0.04,-0.04,-0.04,-0.04,-0.04,-0.04,-0.04,-0.04,-0.04,-0.04,-0.04,-0.04,-0.04,-0.04,-0.04,-0.04,-0.04,-0.04,-0.04,-0.04,-0.04,-0.04,-0.04,-0.04,-0.04,-0.04,-0.04,-0.04,-0.04,-0.04,-0.04,-0.04,-0.04,-0.04,-0.04,-0.04,-0.04,-0.04,-0.04,-0.04,-0.04,-0.04,-0.04,-0.04,-0.04,-0.04,-0.04,-0.04,-0.04,-0.04,-0.04,-0.04,-0.04,-0.04,-0.04,-0.04,-0.04,-0.04,-0.04,-0.04,-0.04,-0.04,-0.04,-0.04,-0.04,-0.04,-0.04,-0.04,-0.04,-0.04,10.00
-2.00,-2.00,-2.00,-2.00,-2.00,-2.00,-2.00,-2.00,-2.00,-2.00,-2.00,-2.00,-2.00,-2.00,-2.00,-2.00,-2.00,-2.00,-2.00,-2.00,-2.00,-2.00,-2.00,-2.00,-2.00,-2.00,-2.00,-2.00,-2.00,-2.00,-2.00,-2.00,-2.00,-2.00,-2.00,-2.00,-2.00,-2.00,-2.00,-2.00,-2.00,-2.00,-0.04,-0.04,-0.04,-0.04,-0.04,-0.04,-0.04,-0.04,-0.04,-0.04,-0.04,-0.04,-0.04,-0.04,-0.04,-0.04,-2.00,-2.00,-2.00,-2.00,-2.00,-2.00,-2.00,-2.00,-2.00,-2.00,-2.00,-2.00,-2.00,-2.00,-2.00,-2.00,-2.00,-2.00,-2.00,-2.00,-2.00,-2.00,-2.00,-2.00,-2.00,-2.00,-2.00,-2.00,-2.00,-2.00,-2.00,-2.00,-2.00,-2.00,-2.00,-2.00,-2.00,-2.00,-2.00,-2.00,-2.00,10.00
-2.00,-2.00,-2.00,-2.00,-2.00,-2.00,-2.00,-2.00,-2.00,-2.00,-2.00,-2.00,-2.00,-2.00,-2.00,-2.00,-2.00,-2.00,-2.00,-2.00,-2.00,-2.00,-2.00,-2.00,-2.00,-2.00,-2.00,-2.00,-2.00,-2.00,-2.00,-2.00,-2.00,-2.00,-2.00,-2.00,-2.00,-2.00,-2.00,-2.00,-2.00,-2.00,-0.04,-0.04,-0.04,-0.04,-0.04,-0.04,-0.04,-0.04,-0.04,-0.04,-0.04,-0.04,-0.04,-0.04,-0.04,-0.04,-2.00,-2.00,-2.00,-2.00,-2.00,-2.00,-2.00,-2.00,-2.00,-2.00,-2.00,-2.00,-2.00,-2.00,-2.00,-2.00,-2.00,-2.00,-2.00,-2.00,-2.00,-2.00,-2.00,-2.00,-2.00,-2.00,-2.00,-2.00,-2.00,-2.00,-2.00,-2.00,-2.00,-2.00,-2.00,-2.00,-2.00,-2.00,-2.00,-2.00,-2.00,10.00
-10.00,-10.00,-10.00,-10.00,-10.00,-10.00,-10.00,-10.00,-10.00,-10.00,-10.00,-10.00,-10.00,-10.00,-10.00,-10.00,-10.00,-10.00,-10.00,-10.00,-10.00,-10.00,-10.00,-10.00,-10.00,-10.00,-10.00,-10.00,-10.00,-10.00,-10.00,-10.00,-10.00,-10.00,-10.00,-10.00,-10.00,-10.00,-10.00,-10.00,-2.00,-2.00,-0.04,-0.04,-0.04,-0.04,-0.04,-0.04,-0.04,-0.04,-0.04,-0.04,-0.04,-0.04,-0.04,-0.04,-0.04,-0.04,-2.00,-2.00,-10.00,-10.00,-10.00,-10.00,-10.00,-10.00,-10.00,-10.00,-10.00,-10.00,-10.00,-10.00,-10.00,-10.00,-10.00,-10.00,-10.00,-10.00,-10.00,-10.00,-10.00,-10.00,-10.00,-10.00,-10.00,-10.00,-10.00,-10.00,-10.00,-10.00,-10.00,-10.00,-10.00,-10.00,-10.00,-10.00,-10.00,-10.00,-10.00,-10.00
-10.00,-10.00,-10.00,-10.00,-10.00,-10.00,-10.00,-10.00,-10.00,-10.00,-10.00,-10.00,-10.00,-10.00,-10.00,-10.00,-10.00,-10.00,-10.00,-10.00,-10.00,-10.00,-10.00,-10.00,-10.00,-10.00,-10.00,-10.00,-10.00,-10.00,-10.00,-10.00,-10.00,-10.00,-10.00,-10.00,-10.00,-10.00,-10.00,-10.00,-2.00,-2.00,-0.04,-0.04,-0.04,-0.04,-0.04,-0.04,-0.04,-0.04,-0.04,-0.04,-0.04,-0.04,-0.04,-0.04,-0.04,-0.04,-2.00,-2.00,-10.00,-10.00,-10.00,-10.00,-10.00,-10.00,-10.00,-10.00,-10.00,-10.00,-10.00,-10.00,-10.00,-10.00,-10.00,-10.00,-10.00,-10.00,-10.00,-10.00,-10.00,-10.00,-10.00,-10.00,-10.00,-10.00,-10.00,-10.00,-10.00,-10.00,-10.00,-10.00,-10.00,-10.00,-10.00,-10.00,-10.00,-10.00,-10.00,-10.00
-10.00,-10.00,-10.00,-10.00,-10.00,-10.00,-10.00,-10.00,-10.00,-10.00,-10.00,-10.00,-10.00,-10.00,-10.00,-10.00,-10.00,-10.00,-10.00,-10.00,-10.00,-10.00,-10.00,-10.00,-10.00,-10.00,-10.00,-10.00,-10.00,-10.00,-10.00,-10.00,-10.00,-10.00,-10.00,-10.00,-10.00,-10.00,-10.00,-10.00,-2.00,-2.00,-0.04,-0.04,-0.04,-0.04,-0.04,-0.04,-0.04,-0.04,-0.04,-0.04,-0.04,-0.04,-0.04,-0.04,-0.04,-0.04,-2.00,-2.00,-10.00,-10.00,-10.00,-10.00,-10.00,-10.00,-10.00,-10.00,-10.00,-10.00,-10.00,-10.00,-10.00,-10.00,-10.00,-10.00,-10.00,-10.00,-10.00,-10.00,-10.00,-10.00,-10.00,-10.00,-10.00,-10.00,-10.00,-10.00,-10.00,-10.00,-10.00,-10.00,-10.00,-10.00,-10.00,-10.00,-10.00,-10.00,-10.00,-10.00
-10.00,-10.00,-10.00,-10.00,-10.00,-10.00,-10.00,-10.00,-10.00,-10.00,-10.00,-10.00,-10.00,-10.00,-10.00,-10.00,-10.00,-10.00,-10.00,-10.00,-10.00,-10.00,-10.00,-10.00,-10.00,-10.00,-10.00,-10.00,-10.00,-10.00,-10.00,-10.00,-10.00,-10.00,-10.00,-10.00,-10.00,-10.00,-10.00,-10.00,-2.00,-2.00,-0.04,-0.04,-0.04,-0.04,-0.04,-0.04,-0.04,-0.04,-0.04,-0.04,-0.04,-0.04,-0.04,-0.04,-0.04,-0.04,-2.00,-2.00,-10.00,-10.00,-10.00,-10.00,-10.00,-10.00,-10.00,-10.00,-10.00,-10.00,-10.00,-10.00,-10.00,-10.00,-10.00,-10.00,-10.00,-10.00,-10.00,-10.00,-10.00,-10.00,-10.00,-10.00,-10.00,-10.00,-10.00,-10.00,-10.00,-10.00,-10.00,-10.00,-10.00,-10.00,-10.00,-10.00,-10.00,-10.00,-10.00,-10.00
-10.00,-10.00,-10.00,-10.00,-10.00,-10.00,-10.00,-10.00,-10.00,-10.00,-10.00,-10.00,-10.00,-10.00,-10.00,-10.00,-10.00,-10.00,-10.00,-10.00,-10.00,-10.00,-10.00,-10.00,-10.00,-10.00,-10.00,-10.00,-10.00,-10.00,-10.00,-10.00,-10.00,-10.00,-10.00,-10.00,-10.00,-10.00,-10.00,-10.00,-2.00,-2.00,-0.04,-0.04,-0.04,-0.04,-0.04,-0.04,-0.04,-0.04,-0.04,-0.04,-0.04,-0.04,-0.04,-0.04,-0.04,-0.04,-2.00,-2.00,-10.00,-10.00,-10.00,-10.00,-10.00,-10.00,-10.00,-10.00,-10.00,-10.00,-10.00,-10.00,-10.00,-10.00,-10.00,-10.00,-10.00,-10.00,-10.00,-10.00,-10.00,-10.00,-10.00,-10.00,-10.00,-10.00,-10.00,-10.00,-10.00,-10.00,-10.00,-10.00,-10.00,-10.00,-10.00,-10.00,-10.00,-10.00,-10.00,-10.00
-10.00,-10.00,-10.00,-10.00,-10.00,-10.00,-10.00,-10.00,-10.00,-10.00,-10.00,-10.00,-10.00,-10.00,-10.00,-10.00,-10.00,-10.00,-10.00,-10.00,-10.00,-10.00,-10.00,-10.00,-10.00,-10.00,-10.00,-10.00,-10.00,-10.00,-10.00,-10.00,-10.00,-10.00,-10.00,-10.00,-10.00,-10.00,-10.00,-10.00,-2.00,-2.00,-0.04,-0.04,-0.04,-0.04,-0.04,-0.04,-0.04,-0.04,-0.04,-0.04,-0.04,-0.04,-0.04,-0.04,-0.04,-0.04,-2.00,-2.00,-10.00,-10.00,-10.00,-10.00,-10.00,-10.00,-10.00,-10.00,-10.00,-10.00,-10.00,-10.00,-10.00,-10.00,-10.00,-10.00,-10.00,-10.00,-10.00,-10.00,-10.00,-10.00,-10.00,-10.00,-10.00,-10.00,-10.00,-10.00,-10.00,-10.00,-10.00,-10.00,-10.00,-10.00,-10.00,-10.00,-10.00,-10.00,-10.00,-10.00
-10.00,-10.00,-10.00,-10.00,-10.00,-10.00,-10.00,-10.00,-10.00,-10.00,-10.00,-10.00,-10.00,-10.00,-10.00,-10.00,-10.00,-10.00,-10.00,-10.00,-10.00,-10.00,-10.00,-10.00,-10.00,-10.00,-10.00,-10.00,-10.00,-10.00,-10.00,-10.00,-10.00,-10.00,-10.00,-10.00,-10.00,-10.00,-10.00,-10.00,-2.00,-2.00,-0.04,-0.04,-0.04,-0.04,-0.04,-0.04,-0.04,-0.04,-0.04,-0.04,-0.04,-0.04,-0.04,-0.04,-0.04,-0.04,-2.00,-2.00,-10.00,-10.00,-10.00,-10.00,-10.00,-10.00,-10.00,-10.00,-10.00,-10.00,-10.00,-10.00,-10.00,-10.00,-10.00,-10.00,-10.00,-10.00,-10.00,-10.00,-10.00,-10.00,-10.00,-10.00,-10.00,-10.00,-10.00,-10.00,-10.00,-10.00,-10.00,-10.00,-10.00,-10.00,-10.00,-10.00,-10.00,-10.00,-10.00,-10.00
-10.00,-10.00,-10.00,-10.00,-10.00,-10.00,-10.00,-10.00,-10.00,-10.00,-10.00,-10.00,-10.00,-10.00,-10.00,-10.00,-10.00,-10.00,-10.00,-10.00,-10.00,-10.00,-10.00,-10.00,-10.00,-10.00,-10.00,-10.00,-10.00,-10.00,-10.00,-10.00,-10.00,-10.00,-10.00,-10.00,-10.00,-10.00,-10.00,-10.00,-2.00,-2.00,-0.04,-0.04,-0.04,-0.04,-0.04,-0.04,-0.04,-0.04,-0.04,-0.04,-0.04,-0.04,-0.04,-0.04,-0.04,-0.04,-2.00,-2.00,-10.00,-10.00,-10.00,-10.00,-10.00,-10.00,-10.00,-10.00,-10.00,-10.00,-10.00,-10.00,-10.00,-10.00,-10.00,-10.00,-10.00,-10.00,-10.00,-10.00,-10.00,-10.00,-10.00,-10.00,-10.00,-10.00,-10.00,-10.00,-10.00,-10.00,-10.00,-10.00,-10.00,-10.00,-10.00,-10.00,-10.00,-10.00,-10.00,-10.00
-10.00,-10.00,-10.00,-10.00,-10.00,-10.00,-10.00,-10.00,-10.00,-10.00,-10.00,-10.00,-10.00,-10.00,-10.00,-10.00,-10.00,-10.00,-10.00,-10.00,-10.00,-10.00,-10.00,-10.00,-10.00,-10.00,-10.00,-10.00,-10.00,-10.00,-10.00,-10.00,-10.00,-10.00,-10.00,-10.00,-10.00,-10.00,-10.00,-10.00,-2.00,-2.00,-0.04,-0.04,-0.04,-0.04,-0.04,-0.04,-0.04,-0.04,-0.04,-0.04,-0.04,-0.04,-0.04,-0.04,-0.04,-0.04,-2.00,-2.00,-10.00,-10.00,-10.00,-10.00,-10.00,-10.00,-10.00,-10.00,-10.00,-10.00,-10.00,-10.00,-10.00,-10.00,-10.00,-10.00,-10.00,-10.00,-10.00,-10.00,-10.00,-10.00,-10.00,-10.00,-10.00,-10.00,-10.00,-10.00,-10.00,-10.00,-10.00,-10.00,-10.00,-10.00,-10.00,-10.00,-10.00,-10.00,-10.00,-10.00
-10.00,-10.00,-10.00,-10.00,-10.00,-10.00,-10.00,-10.00,-10.00,-10.00,-10.00,-10.00,-10.00,-10.00,-10.00,-10.00,-10.00,-10.00,-10.00,-10.00,-10.00,-10.00,-10.00,-10.00,-10.00,-10.00,-10.00,-10.00,-10.00,-10.00,-10.00,-10.00,-10.00,-10.00,-10.00,-10.00,-10.00,-10.00,-10.00,-10.00,-2.00,-2.00,-0.04,-0.04,-0.04,-0.04,-0.04,-0.04,-0.04,-0.04,-0.04,-0.04,-0.04,-0.04,-0.04,-0.04,-0.04,-0.04,-2.00,-2.00,-10.00,-10.00,-10.00,-10.00,-10.00,-10.00,-10.00,-10.00,-10.00,-10.00,-10.00,-10.00,-10.00,-10.00,-10.00,-10.00,-10.00,-10.00,-10.00,-10.00,-10.00,-10.00,-10.00,-10.00,-10.00,-10.00,-10.00,-10.00,-10.00,-10.00,-10.00,-10.00,-10.00,-10.00,-10.00,-10.00,-10.00,-10.00,-10.00,-10.00
-10.00,-10.00,-10.00,-10.00,-10.00,-10.00,-10.00,-10.00,-10.00,-10.00,-10.00,-10.00,-10.00,-10.00,-10.00,-10.00,-10.00,-10.00,-10.00,-10.00,-10.00,-10.00,-10.00,-10.00,-10.00,-10.00,-10.00,-10.00,-10.00,-10.00,-10.00,-10.00,-10.00,-10.00,-10.00,-10.00,-10.00,-10.00,-10.00,-10.00,-2.00,-2.00,-0.04,-0.04,-0.04,-0.04,-0.04,-0.04,-0.04,-0.04,-0.04,-0.04,-0.04,-0.04,-0.04,-0.04,-0.04,-0.04,-2.00,-2.00,-10.00,-10.00,-10.00,-10.00,-10.00,-10.00,-10.00,-10.00,-10.00,-10.00,-10.00,-10.00,-10.00,-10.00,-10.00,-10.00,-10.00,-10.00,-10.00,-10.00,-10.00,-10.00,-10.00,-10.00,-10.00,-10.00,-10.00,-10.00,-10.00,-10.00,-10.00,-10.00,-10.00,-10.00,-10.00,-10.00,-10.00,-10.00,-10.00,-10.00
-10.00,-10.00,-10.00,-10.00,-10.00,-10.00,-10.00,-10.00,-10.00,-10.00,-10.00,-10.00,-10.00,-10.00,-10.00,-10.00,-10.00,-10.00,-10.00,-10.00,-10.00,-10.00,-10.00,-10.00,-10.00,-10.00,-10.00,-10.00,-10.00,-10.00,-10.00,-10.00,-10.00,-10.00,-10.00,-10.00,-10.00,-10.00,-10.00,-10.00,-2.00,-2.00,-0.04,-0.04,-0.04,-0.04,-0.04,-0.04,-0.04,-0.04,-0.04,-0.04,-0.04,-0.04,-0.04,-0.04,-0.04,-0.04,-2.00,-2.00,-10.00,-10.00,-10.00,-10.00,-10.00,-10.00,-10.00,-10.00,-10.00,-10.00,-10.00,-10.00,-10.00,-10.00,-10.00,-10.00,-10.00,-10.00,-10.00,-10.00,-10.00,-10.00,-10.00,-10.00,-10.00,-10.00,-10.00,-10.00,-10.00,-10.00,-10.00,-10.00,-10.00,-10.00,-10.00,-10.00,-10.00,-10.00,-10.00,-10.00
-10.00,-10.00,-10.00,-10.00,-10.00,-10.00,-10.00,-10.00,-10.00,-10.00,-10.00,-10.00,-10.00,-10.00,-10.00,-10.00,-10.00,-10.00,-10.00,-10.00,-10.00,-10.00,-10.00,-10.00,-10.00,-10.00,-10.00,-10.00,-10.00,-10.00,-10.00,-10.00,-10.00,-10.00,-10.00,-10.00,-10.00,-10.00,-10.00,-10.00,-2.00,-2.00,-0.04,-0.04,-0.04,-0.04,-0.04,-0.04,-0.04,-0.04,-0.04,-0.04,-0.04,-0.04,-0.04,-0.04,-0.04,-0.04,-2.00,-2.00,-10.00,-10.00,-10.00,-10.00,-10.00,-10.00,-10.00,-10.00,-10.00,-10.00,-10.00,-10.00,-10.00,-10.00,-10.00,-10.00,-10.00,-10.00,-10.00,-10.00,-10.00,-10.00,-10.00,-10.00,-10.00,-10.00,-10.00,-10.00,-10.00,-10.00,-10.00,-10.00,-10.00,-10.00,-10.00,-10.00,-10.00,-10.00,-10.00,-10.00
-10.00,-10.00,-10.00,-10.00,-10.00,-10.00,-10.00,-10.00,-10.00,-10.00,-10.00,-10.00,-10.00,-10.00,-10.00,-10.00,-10.00,-10.00,-10.00,-10.00,-10.00,-10.00,-10.00,-10.00,-10.00,-10.00,-10.00,-10.00,-10.00,-10.00,-10.00,-10.00,-10.00,-10.00,-10.00,-10.00,-10.00,-10.00,-10.00,-10.00,-2.00,-2.00,-0.04,-0.04,-0.04,-0.04,-0.04,-0.04,-0.04,-0.04,-0.04,-0.04,-0.04,-0.04,-0.04,-0.04,-0.04,-0.04,-2.00,-2.00,-10.00,-10.00,-10.00,-10.00,-10.00,-10.00,-10.00,-10.00,-10.00,-10.00,-10.00,-10.00,-10.00,-10.00,-10.00,-10.00,-10.00,-10.00,-10.00,-10.00,-10.00,-10.00,-10.00,-10.00,-10.00,-10.00,-10.00,-10.00,-10.00,-10.00,-10.00,-10.00,-10.00,-10.00,-10.00,-10.00,-10.00,-10.00,-10.00,-10.00
-10.00,-10.00,-10.00,-10.00,-10.00,-10.00,-10.00,-10.00,-10.00,-10.00,-10.00,-10.00,-10.00,-10.00,-10.00,-10.00,-10.00,-10.00,-10.00,-10.00,-10.00,-10.00,-10.00,-10.00,-10.00,-10.00,-10.00,-10.00,-10.00,-10.00,-10.00,-10.00,-10.00,-10.00,-10.00,-10.00,-10.00,-10.00,-10.00,-10.00,-2.00,-2.00,-0.04,-0.04,-0.04,-0.04,-0.04,-0.04,-0.04,-0.04,-0.04,-0.04,-0.04,-0.04,-0.04,-0.04,-0.04,-0.04,-2.00,-2.00,-10.00,-10.00,-10.00,-10.00,-10.00,-10.00,-10.00,-10.00,-10.00,-10.00,-10.00,-10.00,-10.00,-10.00,-10.00,-10.00,-10.00,-10.00,-10.00,-10.00,-10.00,-10.00,-10.00,-10.00,-10.00,-10.00,-10.00,-10.00,-10.00,-10.00,-10.00,-10.00,-10.00,-10.00,-10.00,-10.00,-10.00,-10.00,-10.00,-10.00
-10.00,-10.00,-10.00,-10.00,-10.00,-10.00,-10.00,-10.00,-10.00,-10.00,-10.00,-10.00,-10.00,-10.00,-10.00,-10.00,-10.00,-10.00,-10.00,-10.00,-10.00,-10.00,-10.00,-10.00,-10.00,-10.00,-10.00,-10.00,-10.00,-10.00,-10.00,-10.00,-10.00,-10.00,-10.00,-10.00,-10.00,-10.00,-10.00,-10.00,-2.00,-2.00,-0.04,-0.04,-0.04,-0.04,-0.04,-0.04,-0.04,-0.04,-0.04,-0.04,-0.04,-0.04,-0.04,-0.04,-0.04,-0.04,-2.00,-2.00,-10.00,-10.00,-10.00,-10.00,-10.00,-10.00,-10.00,-10.00,-10.00,-10.00,-10.00,-10.00,-10.00,-10.00,-10.00,-10.00,-10.00,-10.00,-10.00,-10.00,-10.00,-10.00,-10.00,-10.00,-10.00,-10.00,-10.00,-10.00,-10.00,-10.00,-10.00,-10.00,-10.00,-10.00,-10.00,-10.00,-10.00,-10.00,-10.00,-10.00
-10.00,-10.00,-10.00,-10.00,-10.00,-10.00,-10.00,-10.00,-10.00,-10.00,-10.00,-10.00,-10.00,-10.00,-10.00,-10.00,-10.00,-10.00,-10.00,-10.00,-10.00,-10.00,-10.00,-10.00,-10.00,-10.00,-10.00,-10.00,-10.00,-10.00,-10.00,-10.00,-10.00,-10.00,-10.00,-10.00,-10.00,-10.00,-10.00,-10.00,-2.00,-2.00,-0.04,-0.04,-0.04,-0.04,-0.04,-0.04,-0.04,-0.04,-0.04,-0.04,-0.04,-0.04,-0.04,-0.04,-0.04,-0.04,-2.00,-2.00,-10.00,-10.00,-10.00,-10.00,-10.00,-10.00,-10.00,-10.00,-10.00,-10.00,-10.00,-10.00,-10.00,-10.00,-10.00,-10.00,-10.00,-10.00,-10.00,-10.00,-10.00,-10.00,-10.00,-10.00,-10.00,-10.00,-10.00,-10.00,-10.00,-10.00,-10.00,-10.00,-10.00,-10.00,-10.00,-10.00,-10.00,-10.00,-10.00,-10.00
-10.00,-10.00,-10.00,-10.00,-10.00,-10.00,-10.00,-10.00,-10.00,-10.00,-10.00,-10.00,-10.00,-10.00,-10.00,-10.00,-10.00,-10.00,-10.00,-10.00,-10.00,-10.00,-10.00,-10.00,-10.00,-10.00,-10.00,-10.00,-10.00,-10.00,-10.00,-10.00,-10.00,-10.00,-10.00,-10.00,-10.00,-10.00,-10.00,-10.00,-2.00,-2.00,-0.04,-0.04,-0.04,-0.04,-0.04,-0.04,-0.04,-0.04,-0.04,-0.04,-0.04,-0.04,-0.04,-0.04,-0.04,-0.04,-2.00,-2.00,-10.00,-10.00,-10.00,-10.00,-10.00,-10.00,-10.00,-10.00,-10.00,-10.00,-10.00,-10.00,-10.00,-10.00,-10.00,-10.00,-10.00,-10.00,-10.00,-10.00,-10.00,-10.00,-10.00,-10.00,-10.00,-10.00,-10.00,-10.00,-10.00,-10.00,-10.00,-10.00,-10.00,-10.00,-10.00,-10.00,-10.00,-10.00,-10.00,-10.00
-10.00,-10.00,-10.00,-10.00,-10.00,-10.00,-10.00,-10.00,-10.00,-10.00,-10.00,-10.00,-10.00,-10.00,-10.00,-10.00,-10.00,-10.00,-10.00,-10.00,-10.00,-10.00,-10.00,-10.00,-10.00,-10.00,-10.00,-10.00,-10.00,-10.00,-10.00,-10.00,-10.00,-10.00,-10.00,-10.00,-10.00,-10.00,-10.00,-10.00,-2.00,-2.00,-0.04,-0.04,-0.04,-0.04,-0.04,-0.04,-0.04,-0.04,-0.04,-0.04,-0.04,-0.04,-0.04,-0.04,-0.04,-0.04,-2.00,-2.00,-10.00,-10.00,-10.00,-10.00,-10.00,-10.00,-10.00,-10.00,-10.00,-10.00,-10.00,-10.00,-10.00,-10.00,-10.00,-10.00,-10.00,-10.00,-10.00,-10.00,-10.00,-10.00,-10.00,-10.00,-10.00,-10.00,-10.00,-10.00,-10.00,-10.00,-10.00,-10.00,-10.00,-10.00,-10.00,-10.00,-10.00,-10.00,-10.00,-10.00
-10.00,-10.00,-10.00,-10.00,-10.00,-10.00,-10.00,-10.00,-10.00,-10.00,-10.00,-10.00,-10.00,-10.00,-10.00,-10.00,-10.00,-10.00,-10.00,-10.00,-10.00,-10.00,-10.00,-10.00,-10.00,-10.00,-10.00,-10.00,-10.00,-10.00,-10.00,-10.00,-10.00,-10.00,-10.00,-10.00,-10.00,-10.00,-10.00,-10.00,-2.00,-2.00,-0.04,-0.04,-0.04,-0.04,-0.04,-0.04,-0.04,-0.04,-0.04,-0.04,-0.04,-0.04,-0.04,-0.04,-0.04,-0.04,-2.00,-2.00,-10.00,-10.00,-10.00,-10.00,-10.00,-10.00,-10.00,-10.00,-10.00,-10.00,-10.00,-10.00,-10.00,-10.00,-10.00,-10.00,-10.00,-10.00,-10.00,-10.00,-10.00,-10.00,-10.00,-10.00,-10.00,-10.00,-10.00,-10.00,-10.00,-10.00,-10.00,-10.00,-10.00,-10.00,-10.00,-10.00,-10.00,-10.00,-10.00,-10.00
-10.00,-10.00,-10.00,-10.00,-10.00,-10.00,-10.00,-10.00,-10.00,-10.00,-10.00,-10.00,-10.00,-10.00,-10.00,-10.00,-10.00,-10.00,-10.00,-10.00,-10.00,-10.00,-10.00,-10.00,-10.00,-10.00,-10.00,-10.00,-10.00,-10.00,-10.00,-10.00,-10.00,-10.00,-10.00,-10.00,-10.00,-10.00,-10.00,-10.00,-2.00,-2.00,-0.04,-0.04,-0.04,-0.04,-0.04,-0.04,-0.04,-0.04,-0.04,-0.04,-0.04,-0.04,-0.04,-0.04,-0.04,-0.04,-2.00,-2.00,-10.00,-10.00,-10.00,-10.00,-10.00,-10.00,-10.00,-10.00,-10.00,-10.00,-10.00,-10.00,-10.00,-10.00,-10.00,-10.00,-10.00,-10.00,-10.00,-10.00,-10.00,-10.00,-10.00,-10.00,-10.00,-10.00,-10.00,-10.00,-10.00,-10.00,-10.00,-10.00,-10.00,-10.00,-10.00,-10.00,-10.00,-10.00,-10.00,-10.00
-10.00,-10.00,-10.00,-10.00,-10.00,-10.00,-10.00,-10.00,-10.00,-10.00,-10.00,-10.00,-10.00,-10.00,-10.00,-10.00,-10.00,-10.00,-10.00,-10.00,-10.00,-10.00,-10.00,-10.00,-10.00,-10.00,-10.00,-10.00,-10.00,-10.00,-10.00,-10.00,-10.00,-10.00,-10.00,-10.00,-10.00,-10.00,-10.00,-10.00,-2.00,-2.00,-0.04,-0.04,-0.04,-0.04,-0.04,-0.04,-0.04,-0.04,-0.04,-0.04,-0.04,-0.04,-0.04,-0.04,-0.04,-0.04,-2.00,-2.00,-10.00,-10.00,-10.00,-10.00,-10.00,-10.00,-10.00,-10.00,-10.00,-10.00,-10.00,-10.00,-10.00,-10.00,-10.00,-10.00,-10.00,-10.00,-10.00,-10.00,-10.00,-10.00,-10.00,-10.00,-10.00,-10.00,-10.00,-10.00,-10.00,-10.00,-10.00,-10.00,-10.00,-10.00,-10.00,-10.00,-10.00,-10.00,-10.00,-10.00
-10.00,-10.00,-10.00,-10.00,-10.00,-10.00,-10.00,-10.00,-10.00,-10.00,-10.00,-10.00,-10.00,-10.00,-10.00,-10.00,-10.00,-10.00,-10.00,-10.00,-10.00,-10.00,-10.00,-10.00,-10.00,-10.00,-10.00,-10.00,-10.00,-10.00,-10.00,-10.00,-10.00,-10.00,-10.00,-10.00,-10.00,-10.00,-10.00,-10.00,-2.00,-2.00,-0.04,-0.04,-0.04,-0.04,-0.04,-0.04,-0.04,-0.04,-0.04,-0.04,-0.04,-0.04,-0.04,-0.04,-0.04,-0.04,-2.00,-2.00,-10.00,-10.00,-10.00,-10.00,-10.00,-10.00,-10.00,-10.00,-10.00,-10.00,-10.00,-10.00,-10.00,-10.00,-10.00,-10.00,-10.00,-10.00,-10.00,-10.00,-10.00,-10.00,-10.00,-10.00,-10.00,-10.00,-10.00,-10.00,-10.00,-10.00,-10.00,-10.00,-10.00,-10.00,-10.00,-10.00,-10.00,-10.00,-10.00,-10.00
-10.00,-10.00,-10.00,-10.00,-10.00,-10.00,-10.00,-10.00,-10.00,-10.00,-10.00,-10.00,-10.00,-10.00,-10.00,-10.00,-10.00,-10.00,-10.00,-10.00,-10.00,-10.00,-10.00,-10.00,-10.00,-10.00,-10.00,-10.00,-10.00,-10.00,-10.00,-10.00,-10.00,-10.00,-10.00,-10.00,-10.00,-10.00,-10.00,-10.00,-2.00,-2.00,-0.04,-0.04,-0.04,-0.04,-0.04,-0.04,-0.04,-0.04,-0.04,-0.04,-0.04,-0.04,-0.04,-0.04,-0.04,-0.04,-2.00,-2.00,-10.00,-10.00,-10.00,-10.00,-10.00,-10.00,-10.00,-10.00,-10.00,-10.00,-10.00,-10.00,-10.00,-10.00,-10.00,-10.00,-10.00,-10.00,-10.00,-10.00,-10.00,-10.00,-10.00,-10.00,-10.00,-10.00,-10.00,-10.00,-10.00,-10.00,-10.00,-10.00,-10.00,-10.00,-10.00,-10.00,-10.00,-10.00,-10.00,-10.00
-10.00,-10.00,-10.00,-10.00,-10.00,-10.00,-10.00,-10.00,-10.00,-10.00,-10.00,-10.00,-10.00,-10.00,-10.00,-10.00,-10.00,-10.00,-10.00,-10.00,-10.00,-10.00,-10.00,-10.00,-10.00,-10.00,-10.00,-10.00,-10.00,-10.00,-10.00,-10.00,-10.00,-10.00,-10.00,-10.00,-10.00,-10.00,-10.00,-10.00,-2.00,-2.00,-0.04,-0.04,-0.04,-0.04,-0.04,-0.04,-0.04,-0.04,-0.04,-0.04,-0.04,-0.04,-0.04,-0.04,-0.04,-0.04,-2.00,-2.00,-10.00,-10.00,-10.00,-10.00,-10.00,-10.00,-10.00,-10.00,-10.00,-10.00,-10.00,-10.00,-10.00,-10.00,-10.00,-10.00,-10.00,-10.00,-10.00,-10.00,-10.00,-10.00,-10.00,-10.00,-10.00,-10.00,-10.00,-10.00,-10.00,-10.00,-10.00,-10.00,-10.00,-10.00,-10.00,-10.00,-10.00,-10.00,-10.00,-10.00
-10.00,-10.00,-10.00,-10.00,-10.00,-10.00,-10.00,-10.00,-10.00,-10.00,-10.00,-10.00,-10.00,-10.00,-10.00,-10.00,-10.00,-10.00,-10.00,-10.00,-10.00,-10.00,-10.00,-10.00,-10.00,-10.00,-10.00,-10.00,-10.00,-10.00,-10.00,-10.00,-10.00,-10.00,-10.00,-10.00,-10.00,-10.00,-10.00,-10.00,-2.00,-2.00,-0.04,-0.04,-0.04,-0.04,-0.04,-0.04,-0.04,-0.04,-0.04,-0.04,-0.04,-0.04,-0.04,-0.04,-0.04,-0.04,-2.00,-2.00,-10.00,-10.00,-10.00,-10.00,-10.00,-10.00,-10.00,-10.00,-10.00,-10.00,-10.00,-10.00,-10.00,-10.00,-10.00,-10.00,-10.00,-10.00,-10.00,-10.00,-10.00,-10.00,-10.00,-10.00,-10.00,-10.00,-10.00,-10.00,-10.00,-10.00,-10.00,-10.00,-10.00,-10.00,-10.00,-10.00,-10.00,-10.00,-10.00,-10.00
-10.00,-10.00,-10.00,-10.00,-10.00,-10.00,-10.00,-10.00,-10.00,-10.00,-10.00,-10.00,-10.00,-10.00,-10.00,-10.00,-10.00,-10.00,-10.00,-10.00,-10.00,-10.00,-10.00,-10.00,-10.00,-10.00,-10.00,-10.00,-10.00,-10.00,-10.00,-10.00,-10.00,-10.00,-10.00,-10.00,-10.00,-10.00,-10.00,-10.00,-2.00,-2.00,-0.04,-0.04,-0.04,-0.04,-0.04,-0.04,-0.04,-0.04,-0.04,-0.04,-0.04,-0.04,-0.04,-0.04,-0.04,-0.04,-2.00,-2.00,-10.00,-10.00,-10.00,-10.00,-10.00,-10.00,-10.00,-10.00,-10.00,-10.00,-10.00,-10.00,-10.00,-10.00,-10.00,-10.00,-10.00,-10.00,-10.00,-10.00,-10.00,-10.00,-10.00,-10.00,-10.00,-10.00,-10.00,-10.00,-10.00,-10.00,-10.00,-10.00,-10.00,-10.00,-10.00,-10.00,-10.00,-10.00,-10.00,-10.00
-10.00,-10.00,-10.00,-10.00,-10.00,-10.00,-10.00,-10.00,-10.00,-10.00,-10.00,-10.00,-10.00,-10.00,-10.00,-10.00,-10.00,-10.00,-10.00,-10.00,-10.00,-10.00,-10.00,-10.00,-10.00,-10.00,-10.00,-10.00,-10.00,-10.00,-10.00,-10.00,-10.00,-10.00,-10.00,-10.00,-10.00,-10.00,-10.00,-10.00,-2.00,-2.00,-0.04,-0.04,-0.04,-0.04,-0.04,-0.04,-0.04,-0.04,-0.04,-0.04,-0.04,-0.04,-0.04,-0.04,-0.04,-0.04,-2.00,-2.00,-10.00,-10.00,-10.00,-10.00,-10.00,-10.00,-10.00,-10.00,-10.00,-10.00,-10.00,-10.00,-10.00,-10.00,-10.00,-10.00,-10.00,-10.00,-10.00,-10.00,-10.00,-10.00,-10.00,-10.00,-10.00,-10.00,-10.00,-10.00,-10.00,-10.00,-10.00,-10.00,-10.00,-10.00,-10.00,-10.00,-10.00,-10.00,-10.00,-10.00
-10.00,-10.00,-10.00,-10.00,-10.00,-10.00,-10.00,-10.00,-10.00,-10.00,-10.00,-10.00,-10.00,-10.00,-10.00,-10.00,-10.00,-10.00,-10.00,-10.00,-10.00,-10.00,-10.00,-10.00,-10.00,-10.00,-10.00,-10.00,-10.00,-10.00,-10.00,-10.00,-10.00,-10.00,-10.00,-10.00,-10.00,-10.00,-10.00,-10.00,-2.00,-2.00,-0.04,-0.04,-0.04,-0.04,-0.04,-0.04,-0.04,-0.04,-0.04,-0.04,-0.04,-0.04,-0.04,-0.04,-0.04,-0.04,-2.00,-2.00,-10.00,-10.00,-10.00,-10.00,-10.00,-10.00,-10.00,-10.00,-10.00,-10.00,-10.00,-10.00,-10.00,-10.00,-10.00,-10.00,-10.00,-10.00,-10.00,-10.00,-10.00,-10.00,-10.00,-10.00,-10.00,-10.00,-10.00,-10.00,-10.00,-10.00,-10.00,-10.00,-10.00,-10.00,-10.00,-10.00,-10.00,-10.00,-10.00,-10.00
-10.00,-10.00,-10.00,-10.00,-10.00,-10.00,-10.00,-10.00,-10.00,-10.00,-10.00,-10.00,-10.00,-10.00,-10.00,-10.00,-10.00,-10.00,-10.00,-10.00,-10.00,-10.00,-10.00,-10.00,-10.00,-10.00,-10.00,-10.00,-10.00,-10.00,-10.00,-10.00,-10.00,-10.00,-10.00,-10.00,-10.00,-10.00,-10.00,-10.00,-2.00,-2.00,-0.04,-0.04,-0.04,-0.04,-0.04,-0.04,-0.04,-0.04,-0.04,-0.04,-0.04,-0.04,-0.04,-0.04,-0.04,-0.04,-2.00,-2.00,-10.00,-10.00,-10.00,-10.00,-10.00,-10.00,-10.00,-10.00,-10.00,-10.00,-10.00,-10.00,-10.00,-10.00,-10.00,-10.00,-10.00,-10.00,-10.00,-10.00,-10.00,-10.00,-10.00,-10.00,-10.00,-10.00,-10.00,-10.00,-10.00,-10.00,-10.00,-10.00,-10.00,-10.00,-10.00,-10.00,-10.00,-10.00,-10.00,-10.00
-10.00,-10.00,-10.00,-10.00,-10.00,-10.00,-10.00,-10.00,-10.00,-10.00,-10.00,-10.00,-10.00,-10.00,-10.00,-10.00,-10.00,-10.00,-10.00,-10.00,-10.00,-10.00,-10.00,-10.00,-10.00,-10.00,-10.00,-10.00,-10.00,-10.00,-10.00,-10.00,-10.00,-10.00,-10.00,-10.00,-10.00,-10.00,-10.00,-10.00,-2.00,-2.00,-0.04,-0.04,-0.04,-0.04,-0.04,-0.04,-0.04,-0.04,-0.04,-0.04,-0.04,-0.04,-0.04,-0.04,-0.04,-0.04,-2.00,-2.00,-10.00,-10.00,-10.00,-10.00,-10.00,-10.00,-10.00,-10.00,-10.00,-10.00,-10.00,-10.00,-10.00,-10.00,-10.00,-10.00,-10.00,-10.00,-10.00,-10.00,-10.00,-10.00,-10.00,-10.00,-10.00,-10.00,-10.00,-10.00,-10.00,-10.00,-10.00,-10.00,-10.00,-10.00,-10.00,-10.00,-10.00,-10.00,-10.00,-10.00
-10.00,-10.00,-10.00,-10.00,-10.00,-10.00,-10.00,-10.00,-10.00,-10.00,-10.00,-10.00,-10.00,-10.00,-10.00,-10.00,-10.00,-10.00,-10.00,-10.00,-10.00,-10.00,-10.00,-10.00,-10.00,-10.00,-10.00,-10.00,-10.00,-10.00,-10.00,-10.00,-10.00,-10.00,-10.00,-10.00,-10.00,-10.00,-10.00,-10.00,-2.00,-2.00,-0.04,-0.04,-0.04,-0.04,-0.04,-0.04,-0.04,-0.04,-0.04,-0.04,-0.04,-0.04,-0.04,-0.04,-0.04,-0.04,-2.00,-2.00,-10.00,-10.00,-10.00,-10.00,-10.00,-10.00,-10.00,-10.00,-10.00,-10.00,-10.00,-10.00,-10.00,-10.00,-10.00,-10.00,-10.00,-10.00,-10.00,-10.00,-10.00,-10.00,-10.00,-10.00,-10.00,-10.00,-10.00,-10.00,-10.00,-10.00,-10.00,-10.00,-10.00,-10.00,-10.00,-10.00,-10.00,-10.00,-10.00,-10.00
-10.00,-10.00,-10.00,-10.00,-10.00,-10.00,-10.00,-10.00,-10.00,-10.00,-10.00,-10.00,-10.00,-10.00,-10.00,-10.00,-10.00,-10.00,-10.00,-10.00,-10.00,-10.00,-10.00,-10.00,-10.00,-10.00,-10.00,-10.00,-10.00,-10.00,-10.00,-10.00,-10.00,-10.00,-10.00,-10.00,-10.00,-10.00,-10.00,-10.00,-2.00,-2.00,-0.04,-0.04,-0.04,-0.04,-0.04,-0.04,-0.04,-0.04,-0.04,-0.04,-0.04,-0.04,-0.04,-0.04,-0.04,-0.04,-2.00,-2.00,-10.00,-10.00,-10.00,-10.00,-10.00,-10.00,-10.00,-10.00,-10.00,-10.00,-10.00,-10.00,-10.00,-10.00,-10.00,-10.00,-10.00,-10.00,-10.00,-10.00,-10.00,-10.00,-10.00,-10.00,-10.00,-10.00,-10.00,-10.00,-10.00,-10.00,-10.00,-10.00,-10.00,-10.00,-10.00,-10.00,-10.00,-10.00,-10.00,-10.00
-10.00,-10.00,-10.00,-10.00,-10.00,-10.00,-10.00,-10.00,-10.00,-10.00,-10.00,-10.00,-10.00,-10.00,-10.00,-10.00,-10.00,-10.00,-10.00,-10.00,-10.00,-10.00,-10.00,-10.00,-10.00,-10.00,-10.00,-10.00,-10.00,-10.00,-10.00,-10.00,-10.00,-10.00,-10.00,-10.00,-10.00,-10.00,-10.00,-10.00,-2.00,-2.00,-0.04,-0.04,-0.04,-0.04,-0.04,-0.04,-0.04,-0.04,-0.04,-0.04,-0.04,-0.04,-0.04,-0.04,-0.04,-0.04,-2.00,-2.00,-10.00,-10.00,-10.00,-10.00,-10.00,-10.00,-10.00,-10.00,-10.00,-10.00,-10.00,-10.00,-10.00,-10.00,-10.00,-10.00,-10.00,-10.00,-10.00,-10.00,-10.00,-10.00,-10.00,-10.00,-10.00,-10.00,-10.00,-10.00,-10.00,-10.00,-10.00,-10.00,-10.00,-10.00,-10.00,-10.00,-10.00,-10.00,-10.00,-10.00
-10.00,-10.00,-10.00,-10.00,-10.00,-10.00,-10.00,-10.00,-10.00,-10.00,-10.00,-10.00,-10.00,-10.00,-10.00,-10.00,-10.00,-10.00,-10.00,-10.00,-10.00,-10.00,-10.00,-10.00,-10.00,-10.00,-10.00,-10.00,-10.00,-10.00,-10.00,-10.00,-10.00,-10.00,-10.00,-10.00,-10.00,-10.00,-10.00,-10.00,-2.00,-2.00,-0.04,-0.04,-0.04,-0.04,-0.04,-0.04,-0.04,-0.04,-0.04,-0.04,-0.04,-0.04,-0.04,-0.04,-0.04,-0.04,-2.00,-2.00,-10.00,-10.00,-10.00,-10.00,-10.00,-10.00,-10.00,-10.00,-10.00,-10.00,-10.00,-10.00,-10.00,-10.00,-10.00,-10.00,-10.00,-10.00,-10.00,-10.00,-10.00,-10.00,-10.00,-10.00,-10.00,-10.00,-10.00,-10.00,-10.00,-10.00,-10.00,-10.00,-10.00,-10.00,-10.00,-10.00,-10.00,-10.00,-10.00,-10.00
-10.00,-10.00,-10.00,-10.00,-10.00,-10.00,-10.00,-10.00,-10.00,-10.00,-10.00,-10.00,-10.00,-10.00,-10.00,-10.00,-10.00,-10.00,-10.00,-10.00,-10.00,-10.00,-10.00,-10.00,-10.00,-10.00,-10.00,-10.00,-10.00,-10.00,-10.00,-10.00,-10.00,-10.00,-10.00,-10.00,-10.00,-10.00,-10.00,-10.00,-2.00,-2.00,-0.04,-0.04,-0.04,-0.04,-0.04,-0.04,-0.04,-0.04,-0.04,-0.04,-0.04,-0.04,-0.04,-0.04,-0.04,-0.04,-2.00,-2.00,-10.00,-10.00,-10.00,-10.00,-10.00,-10.00,-10.00,-10.00,-10.00,-10.00,-10.00,-10.00,-10.00,-10.00,-10.00,-10.00,-10.00,-10.00,-10.00,-10.00,-10.00,-10.00,-10.00,-10.00,-10.00,-10.00,-10.00,-10.00,-10.00,-10.00,-10.00,-10.00,-10.00,-10.00,-10.00,-10.00,-10.00,-10.00,-10.00,-10.00
-10.00,-10.00,-10.00,-10.00,-10.00,-10.00,-10.00,-10.00,-10.00,-10.00,-10.00,-10.00,-10.00,-10.00,-10.00,-10.00,-10.00,-10.00,-10.00,-10.00,-10.00,-10.00,-10.00,-10.00,-10.00,-10.00,-10.00,-10.00,-10.00,-10.00,-10.00,-10.00,-10.00,-10.00,-10.00,-10.00,-10.00,-10.00,-10.00,-10.00,-2.00,-2.00,-0.04,-0.04,-0.04,-0.04,-0.04,-0.04,-0.04,-0.04,-0.04,-0.04,-0.04,-0.04,-0.04,-0.04,-0.04,-0.04,-2.00,-2.00,-10.00,-10.00,-10.00,-10.00,-10.00,-10.00,-10.00,-10.00,-10.00,-10.00,-10.00,-10.00,-10.00,-10.00,-10.00,-10.00,-10.00,-10.00,-10.00,-10.00,-10.00,-10.00,-10.00,-10.00,-10.00,-10.00,-10.00,-10.00,-10.00,-10.00,-10.00,-10.00,-10.00,-10.00,-10.00,-10.00,-10.00,-10.00,-10.00,-10.00
-10.00,-10.00,-10.00,-10.00,-10.00,-10.00,-10.00,-10.00,-10.00,-10.00,-10.00,-10.00,-10.00,-10.00,-10.00,-10.00,-10.00,-10.00,-10.00,-10.00,-10.00,-10.00,-10.00,-10.00,-10.00,-10.00,-10.00,-10.00,-10.00,-10.00,-10.00,-10.00,-10.00,-10.00,-10.00,-10.00,-10.00,-10.00,-10.00,-10.00,-2.00,-2.00,-0.04,-0.04,-0.04,-0.04,-0.04,-0.04,-0.04,-0.04,-0.04,-0.04,-0.04,-0.04,-0.04,-0.04,-0.04,-0.04,-2.00,-2.00,-10.00,-10.00,-10.00,-10.00,-10.00,-10.00,-10.00,-10.00,-10.00,-10.00,-10.00,-10.00,-10.00,-10.00,-10.00,-10.00,-10.00,-10.00,-10.00,-10.00,-10.00,-10.00,-10.00,-10.00,-10.00,-10.00,-10.00,-10.00,-10.00,-10.00,-10.00,-10.00,-10.00,-10.00,-10.00,-10.00,-10.00,-10.00,-10.00,-10.00
-10.00,-10.00,-10.00,-10.00,-10.00,-10.00,-10.00,-10.00,-10.00,-10.00,-10.00,-10.00,-10.00,-10.00,-10.00,-10.00,-10.00,-10.00,-10.00,-10.00,-10.00,-10.00,-10.00,-10.00,-10.00,-10.00,-10.00,-10.00,-10.00,-10.00,-10.00,-10.00,-10.00,-10.00,-10.00,-10.00,-10.00,-10.00,-10.00,-10.00,-2.00,-2.00,-0.04,-0.04,-0.04,-0.04,-0.04,-0.04,-0.04,-0.04,-0.04,-0.04,-0.04,-0.04,-0.04,-0.04,-0.04,-0.04,-2.00,-2.00,-10.00,-10.00,-10.00,-10.00,-10.00,-10.00,-10.00,-10.00,-10.00,-10.00,-10.00,-10.00,-10.00,-10.00,-10.00,-10.00,-10.00,-10.00,-10.00,-10.00,-10.00,-10.00,-10.00,-10.00,-10.00,-10.00,-10.00,-10.00,-10.00,-10.00,-10.00,-10.00,-10.00,-10.00,-10.00,-10.00,-10.00,-10.00,-10.00,-10.00
-10.00,-10.00,-10.00,-10.00,-10.00,-10.00,-10.00,-10.00,-10.00,-10.00,-10.00,-10.00,-10.00,-10.00,-10.00,-10.00,-10.00,-10.00,-10.00,-10.00,-10.00,-10.00,-10.00,-10.00,-10.00,-10.00,-10.00,-10.00,-10.00,-10.00,-10.00,-10.00,-10.00,-10.00,-10.00,-10.00,-10.00,-10.00,-10.00,-10.00,10.00,10.00,10.00,10.00,10.00,10.00,10.00,10.00,10.00,10.00,10.00,10.00,10.00,10.00,10.00,10.00,10.00,10.00,10.00,10.00,-10.00,-10.00,-10.00,-10.00,-10.00,-10.00,-10.00,-10.00,-10.00,-10.00,-10.00,-10.00,-10.00,-10.00,-10.00,-10.00,-10.00,-10.00,-10.00,-10.00,-10.00,-10.00,-10.00,-10.00,-10.00,-10.00,-10.00,-10.00,-10.00,-10.00,-10.00,-10.00,-10.00,-10.00,-10.00,-10.00,-10.00,-10.00,-10.00,-10.00